USE QLKS;

-- delete all old data
EXEC SP_EMPTY_ALL_TABLES 1;

insert into QUOC_GIA (TEN_QUOC_GIA) values ('SSNOQGDDMIE PBR0ID L1M8QL7YO968AN7JDCJT3A03MLEXPEM')
go


insert into QUOC_GIA (TEN_QUOC_GIA) values ('LILT8UORE78XOF920I DHRFL0757 OL91UGNX7CS35H9KTE8S8')
go


insert into QUOC_GIA (TEN_QUOC_GIA) values ('GR3C55O83Q4HSI PIK921 4JB7VPO7JMUQ BC9R3G561F67213')
go


insert into QUOC_GIA (TEN_QUOC_GIA) values ('T23QL5H36QG53NJGWJQ4V4KRFPSRHUH M9L2OSV8IWUV846669')
go


insert into QUOC_GIA (TEN_QUOC_GIA) values ('QJOI00P6WFLXP3A5DOL5R7INTURVOEO6M3XENKDNKYFYQIXJ3W')
go


insert into QUOC_GIA (TEN_QUOC_GIA) values ('KRNQ9V18JJ8RTCFWCSO7CMETTLWF7S4PT5BNHS0SGRD H9YTPO')
go


insert into QUOC_GIA (TEN_QUOC_GIA) values ('HU12S4PFV5BIPSNOV D10YGYV15RSCSVSMGDVN TK8 TTGDNNW')
go


insert into QUOC_GIA (TEN_QUOC_GIA) values ('MR3UGLQ0T7AKF4MQ19LSN65CF87NCAARHC28GYC4Y8MBI39MUY')
go


insert into QUOC_GIA (TEN_QUOC_GIA) values ('OOOR49HME0YNQ0SQKIH8ASN0P1XC8UE1M14P80EBQTLT6CT6YQ')
go


insert into QUOC_GIA (TEN_QUOC_GIA) values ('JJHKH0AULCF5TGP903IP31C0QO3IGDGNQX46J5TIHGYCQN0EGX')
go


insert into QUOC_GIA (TEN_QUOC_GIA) values ('AMVV25S28G3F M5CMHHRLFK 7J8DE6L159PELJCQOCMUAPYKRI')
go


insert into QUOC_GIA (TEN_QUOC_GIA) values ('HLOOW3UV2VGXJ9 6 HD1VAQFHIWLADJG8QW HWWQERMPI9Y4PJ')
go


insert into QUOC_GIA (TEN_QUOC_GIA) values ('N7 A04NS3MDE9M SWSFEKL 126PNJ2C9EA86F OC SF8JIHO12')
go


insert into QUOC_GIA (TEN_QUOC_GIA) values ('UHF344SNDYE1YTF5BC3SKDFSQA7T1QJKW 83LVI6SKLA4SCBT1')
go


insert into QUOC_GIA (TEN_QUOC_GIA) values ('JEVC1XK FAHRDNQM5JQISCATE6V3G HFFWR8858JMX6W8AL HK')
go


insert into QUOC_GIA (TEN_QUOC_GIA) values ('FPYH6XD9W5W 0MSGTEA445IU0QP6ONWF2G2KV0D9CPMS6JYG7L')
go


insert into QUOC_GIA (TEN_QUOC_GIA) values ('44MX3AE81NA0DML905Q5I VXBLQ5HEMXJ35UMQBTDOPG3PF GL')
go


insert into QUOC_GIA (TEN_QUOC_GIA) values ('799GQGF7J68 C12N4TOQ88KWA7KFMWUQR78VNA92FDB02U202M')
go


insert into QUOC_GIA (TEN_QUOC_GIA) values ('OU38FK FBN57YM27LO0RF89VR14HA GU0YBD160LTYYF4KD 92')
go


insert into QUOC_GIA (TEN_QUOC_GIA) values ('QKRQF4C9U9YWIOTW8 OMP7NG V3WBN 3RJ01HW2SE0C2OJD3QM')
go


insert into TIEN_NGHI (TIEN_NGHI) values ('OSH3L5IDH3JMY806JRFQGTI54H7GE BHOOI9385H1L681EEN0 ')
go


insert into TIEN_NGHI (TIEN_NGHI) values ('1AI5CNOG1H58XKBH5PP7822YO2WR85WFIWD0VDN0QDVTVR6Q S')
go


insert into TIEN_NGHI (TIEN_NGHI) values ('FD IQRCGSX81B242SEBY9OQ22H6AVWW6SIISBMSWHSPEESCH0Q')
go


insert into TIEN_NGHI (TIEN_NGHI) values ('MRR1RMRCL21C3JSPPK00U19QWW8F1YVUITGGU9J QLBB S1I56')
go


insert into TIEN_NGHI (TIEN_NGHI) values ('68PP IRX1P9GP0LPM99DHDX1E B MUCM3MRU B0G19E2DT4QLP')
go


insert into TIEN_NGHI (TIEN_NGHI) values ('KH7VB90G4B53FH6BQK5N76FK45AD7XRVNCVAURXPP5U F1QFM6')
go


insert into TIEN_NGHI (TIEN_NGHI) values ('XKNGH5D2C3RTJULQ6Q5PXLL0CP4A8YO2AFF7J9CH1UEQBKUQCV')
go


insert into TIEN_NGHI (TIEN_NGHI) values ('SVSYPKWR0T5RHVN1E3W7J3CXLLMV3G4OYRFH5NA7HUWOUA3K8G')
go


insert into TIEN_NGHI (TIEN_NGHI) values ('Y5RUT J WIA8SJRHORB9RDLB1EW94ND6241RG484Q6QL69YTGC')
go


insert into TIEN_NGHI (TIEN_NGHI) values (' NAFCRIIDI ETHWRTQ7KJJV3UB4W0C82MJMF8GTHXS1XKT35KV')
go


insert into TIEN_NGHI (TIEN_NGHI) values ('0DEBAWF0G 13AN7JRTUMXQR1W5454 1FVCPWIKO68D3YW84QMY')
go


insert into TIEN_NGHI (TIEN_NGHI) values ('4MUDP0HFKLNIR013UI4N0M771EP 2DOQTJOHVMAMM1DXKI7NX2')
go


insert into TIEN_NGHI (TIEN_NGHI) values ('NO9DJ KNG XWYEG2I MYBYX 08IWNIU4Q2DJ2O6JWA VYL9LGQ')
go


insert into TIEN_NGHI (TIEN_NGHI) values ('N930ULDF C5HAU03QH2L3ISRP1RCD5OJWXQVGO7CL42UP370VO')
go


insert into TIEN_NGHI (TIEN_NGHI) values ('EGDRY9W9Y6MFE1LHS RQCSBQ99DEYXQQFFS38HNLOXNRTUANF5')
go


insert into TIEN_NGHI (TIEN_NGHI) values ('FVOECR4UAX1WEF11 XI3A8KVU57ERABNXV2T60J0AI7UCOOACE')
go


insert into TIEN_NGHI (TIEN_NGHI) values ('OMFIUOG8T42EM5K7EIKE0PXMALANAH ANI0Y6HFC0AK73PEYPV')
go


insert into TIEN_NGHI (TIEN_NGHI) values ('K1I6LF4X7JEGU0F379VRJF43X 0S7VW7J4J5GOJGFR CPO OJ7')
go


insert into TIEN_NGHI (TIEN_NGHI) values ('OEB5IP284AND0P335QEUFSGWMP0 CCPRXQ2QL35MRH3J3J3IXF')
go


insert into TIEN_NGHI (TIEN_NGHI) values ('70RE6OFL2CL9S4GGY5U6PXS3Q27OR2 5B0GMPX CYUTB3JNOT ')
go


insert into LOAI_PHONG (TEN_LOAI_PHONG, SO_GIUONG, SO_LUONG_PHONG, GIA_THAM_KHAO) values ('M384O286JGD0DM9IUN7QN0HCPUDBX4C6WDF2IBUYQBL8MIX  A', 6, 6, 6)
go


insert into LOAI_PHONG (TEN_LOAI_PHONG, SO_GIUONG, SO_LUONG_PHONG, GIA_THAM_KHAO) values ('T8C0XI0BMRU03521D5NOCLKKGS4Y57L3RP SB2K248X6AVYU X', 16, 12, 16)
go


insert into LOAI_PHONG (TEN_LOAI_PHONG, SO_GIUONG, SO_LUONG_PHONG, GIA_THAM_KHAO) values ('LQ6549699W8EAMV13W6MP9H862VLX XMY 0T0TRYJ9UY6QPRBU', 5, 7, 7)
go


insert into LOAI_PHONG (TEN_LOAI_PHONG, SO_GIUONG, SO_LUONG_PHONG, GIA_THAM_KHAO) values ('5Q6VRC1G60MW14MKX162EQQF5YWPP BE 7T871VXPFKCST9L2G', 10, 11, 17)
go


insert into LOAI_PHONG (TEN_LOAI_PHONG, SO_GIUONG, SO_LUONG_PHONG, GIA_THAM_KHAO) values ('5SW0KN8LST4WU8EJX65KBC 59SSVI2DM4050IYMFQMSPHJ5QP7', 15, 2, 9)
go


insert into LOAI_PHONG (TEN_LOAI_PHONG, SO_GIUONG, SO_LUONG_PHONG, GIA_THAM_KHAO) values ('A24RWJPHK DYAL40Q6AFCH KOXTOAX 93E08R8F4EJ24FKNE0P', 13, 17, 8)
go


insert into LOAI_PHONG (TEN_LOAI_PHONG, SO_GIUONG, SO_LUONG_PHONG, GIA_THAM_KHAO) values ('O1UWDJFSJ 4H0OT1SN WGPDLOCS T74FHNQ06SI3BP9UN6H48T', 7, 15, 1)
go


insert into LOAI_PHONG (TEN_LOAI_PHONG, SO_GIUONG, SO_LUONG_PHONG, GIA_THAM_KHAO) values ('FHGPCSG9KD8V SI1X8B 7FTWJM9WXH8I5YI1XHKGBF 9CXLVO8', 3, 5, 5)
go


insert into LOAI_PHONG (TEN_LOAI_PHONG, SO_GIUONG, SO_LUONG_PHONG, GIA_THAM_KHAO) values ('47HXUO4MRFQJMCGK9YJOCGT1RLNMORFQKX6F3WHRKPAGBT1OX4', 0, 8, 18)
go


insert into LOAI_PHONG (TEN_LOAI_PHONG, SO_GIUONG, SO_LUONG_PHONG, GIA_THAM_KHAO) values ('F00L47SK6DN5YQ30WEFHA6N2QY8FRR8NITW7M3Q8 7HHD9OS0 ', 9, 16, 2)
go


insert into LOAI_PHONG (TEN_LOAI_PHONG, SO_GIUONG, SO_LUONG_PHONG, GIA_THAM_KHAO) values ('N4K3IC1IDHUHE1L2DHX2X2VW31YKTYM NILW5NW6PARO866DSJ', 1, 1, 3)
go


insert into LOAI_PHONG (TEN_LOAI_PHONG, SO_GIUONG, SO_LUONG_PHONG, GIA_THAM_KHAO) values ('0K3XIWL2B3LLPTA6X74LTO9 9C1DM KD09L598XMEDL8 NJMFP', 19, 10, 11)
go


insert into LOAI_PHONG (TEN_LOAI_PHONG, SO_GIUONG, SO_LUONG_PHONG, GIA_THAM_KHAO) values ('J64G4MELOD1W6XGY9DAN8SC4WSX7B6790RTKC8HQI99N213MHQ', 2, 14, 13)
go


insert into LOAI_PHONG (TEN_LOAI_PHONG, SO_GIUONG, SO_LUONG_PHONG, GIA_THAM_KHAO) values ('KJMGN65KSXM6NYO6SN3M37FK0JQF B7OTW7H0MJBPVHSHX7MN5', 4, 4, 12)
go


insert into LOAI_PHONG (TEN_LOAI_PHONG, SO_GIUONG, SO_LUONG_PHONG, GIA_THAM_KHAO) values ('HN5LW8PFQPFCU7KG5MHLR6FSX3NJUPT1P TOVMKVMH24DJ4JNH', 14, 19, 0)
go


insert into LOAI_PHONG (TEN_LOAI_PHONG, SO_GIUONG, SO_LUONG_PHONG, GIA_THAM_KHAO) values ('DG2PN134EBCGH007HDVGN405R7AHK6 N8P6TQP1Q9VXALELUXQ', 12, 9, 4)
go


insert into LOAI_PHONG (TEN_LOAI_PHONG, SO_GIUONG, SO_LUONG_PHONG, GIA_THAM_KHAO) values ('WVP2I4OEO4R0CKYYGWUGYS22F1X7SB51JGC6SMBJ3 BD3MO1OO', 8, 0, 14)
go


insert into LOAI_PHONG (TEN_LOAI_PHONG, SO_GIUONG, SO_LUONG_PHONG, GIA_THAM_KHAO) values (' N  VU7Y12UYFLW6VOJUCOM1P8J2UX8CWCCX3C3N7A6YC0KEGE', 17, 3, 19)
go


insert into LOAI_PHONG (TEN_LOAI_PHONG, SO_GIUONG, SO_LUONG_PHONG, GIA_THAM_KHAO) values ('IUU1WM48035Q0H3696DUI8JT2HQYQV0UFN2Y4HJMWSKQF1VG16', 18, 13, 10)
go


insert into LOAI_PHONG (TEN_LOAI_PHONG, SO_GIUONG, SO_LUONG_PHONG, GIA_THAM_KHAO) values ('MSD3W90JQB2T8533L YSQEN5FCGGC7 83R55 XD3R1TTL5A0BS', 11, 18, 15)
go


insert into DICH_VU (TEN_DICH_VU, DON_GIA) values ('CD7N3CP59V4XQ4UUJU UCYSKMLT9398VR735DH7FNKB69JYE63', 0)
go


insert into DICH_VU (TEN_DICH_VU, DON_GIA) values ('4XNTXGB AQRUXE5AU5SH9I0DF2JT6FU3PH8ODPERXQKRGY CLK', 16)
go


insert into DICH_VU (TEN_DICH_VU, DON_GIA) values ('QFXMWR8NMYTDDGCX5PT9DQIBQLC6LPG9WJPDOVGVW3N3IAOJP6', 6)
go


insert into DICH_VU (TEN_DICH_VU, DON_GIA) values ('NFGESCR2N51FM177PTIKXM1K0VOIDKIMNXOXKNF2YB688IW0ID', 5)
go


insert into DICH_VU (TEN_DICH_VU, DON_GIA) values ('X0TMP3X6SDCY53UG0WQ3VTIRMP5AGHA1797AHWVM41DJ35JYPJ', 9)
go


insert into DICH_VU (TEN_DICH_VU, DON_GIA) values ('CWU3QBNAM PNMTL4542DTBSE7W2YDQQM6JS7J35NQKTL3C2W0F', 15)
go


insert into DICH_VU (TEN_DICH_VU, DON_GIA) values ('SMICULSG3NA1H82RNDDW49HD1003DJ3EB0853C4IJGTM58V7R1', 12)
go


insert into DICH_VU (TEN_DICH_VU, DON_GIA) values ('BW97UNSQ4Y1OT5K0PN5279 R0LL1IGNQVO16ULVQQAELJQRAB4', 8)
go


insert into DICH_VU (TEN_DICH_VU, DON_GIA) values ('GU3UE6GFLQW06856TMJ8B5PSK7R0CMV84DT9VC81M406GCSVKJ', 11)
go


insert into DICH_VU (TEN_DICH_VU, DON_GIA) values ('1LF8FKF5XU3 S352JFX61SXMSAW5WH7PHISIS6NNJY2GY89YE8', 13)
go


insert into DICH_VU (TEN_DICH_VU, DON_GIA) values ('BP0ELABI6T7ACFYTCI7IOM50LCUIYQIE 2U HVKY9OVUEQP671', 3)
go


insert into DICH_VU (TEN_DICH_VU, DON_GIA) values ('PXRLAI91FAKQ4JBNS46QPLFAN7JCX7T Q6UTMY 57A5YG9VXLQ', 7)
go


insert into DICH_VU (TEN_DICH_VU, DON_GIA) values ('2YTD69VSQKUEXFDFT4POXD7LL3Q HJL6E702CF9ERES6JM4753', 10)
go


insert into DICH_VU (TEN_DICH_VU, DON_GIA) values ('9YIN1SJGB3CBL72VIE0Q7B5G0VXW5HAWY I RSD IUU7Y0VYI0', 14)
go


insert into DICH_VU (TEN_DICH_VU, DON_GIA) values ('JCK663WPOU0NBCHSXM1YCDMGQCL6A38GLJR108TSM5XH6 ND2W', 4)
go


insert into DICH_VU (TEN_DICH_VU, DON_GIA) values ('11FU3   WNOO 44QOBHH57XOJ5JX8NHCF6DECFUKTU3N0DCISX', 2)
go


insert into DICH_VU (TEN_DICH_VU, DON_GIA) values ('85CU E38W01D2MG RLSPXOVJENPGQO43R4VMGICRIPWBWKWDWP', 18)
go


insert into DICH_VU (TEN_DICH_VU, DON_GIA) values ('XL012XA FK335I8178DCK4G3Q0H60SWNAT8MXM5LIPHU AO3WD', 19)
go


insert into DICH_VU (TEN_DICH_VU, DON_GIA) values ('YCK3I0E1GKM O E 0EKN83GV866VW6HMR6OYAUWRT234WXTL0N', 1)
go


insert into DICH_VU (TEN_DICH_VU, DON_GIA) values ('LFHQOY EU6FWLGLMS96Q5KV4BU0D755P4QQGOPM4NIMET8LMC3', 17)
go


insert into TINH_TRANG (TINH_TRANG) values ('8QFH T6ULQ12D882TW1BCU PEMOKOO3SY45D8UIU86NG01X2GF')
go


insert into TINH_TRANG (TINH_TRANG) values ('J8FPKCO8J XPYL577T8P 02GDXD1VTA7WR5GDK4FBOB998CPTC')
go


insert into TINH_TRANG (TINH_TRANG) values ('H6MQFX9JCTHALM8S SKBATFMAD3RNN08HYOF4F34UXIN6FFXHB')
go


insert into TINH_TRANG (TINH_TRANG) values ('JL9F3D90QFKKKDTLNSG5J2TRW5FU5D8LXNMMC8O2VLAB1A2JEL')
go


insert into TINH_TRANG (TINH_TRANG) values ('CQXH9OXA7GW1T0QUKAV31BDSF8S8U70R67G54V4OXAVEWY6PQM')
go


insert into TINH_TRANG (TINH_TRANG) values ('BKUFFP50X1TWVEX03FHIC1KQ3P4MTWCA VP1I77RD8ORMS0YIE')
go


insert into TINH_TRANG (TINH_TRANG) values ('DMOCJLDS76EA3A0V4LE9U0U 4Y8CGB9RX6JNX5A4WO1UA395SJ')
go


insert into TINH_TRANG (TINH_TRANG) values ('22SOR6WGYMSQNW91K77Y7XX23PQLGVA6VWD3E8T58D3APVKYQD')
go


insert into TINH_TRANG (TINH_TRANG) values ('I3903888Q 0XBQD9G SCMXWGYEAB L8RD ES8YDU5 8TMBHRDJ')
go


insert into TINH_TRANG (TINH_TRANG) values ('RB8G XH 3MRKN0 IAH7WQ6DM4PW B609WKHDW0CAGR5BQ00VGS')
go


insert into TINH_TRANG (TINH_TRANG) values ('VNR CFHFWMCHV4K9998 P NDFAKTLR577PA8IAXGH5AQUI 5JJ')
go


insert into TINH_TRANG (TINH_TRANG) values ('IE164BSPSUPVVTBU3UX2T6YKARI70G8KX5I4RREQNCBRU2KKSL')
go


insert into TINH_TRANG (TINH_TRANG) values (' GLWVB34DP3G4OMJWYOG36KX0HEII3DOXEOCJ42WI 2AWJF8BN')
go


insert into TINH_TRANG (TINH_TRANG) values ('5SW2JQLQL4LCCXMO89Y2CR2YERKLG5CO9TXFX2FNCI96H8HB91')
go


insert into TINH_TRANG (TINH_TRANG) values ('A0FLMWEA324B5RT9A4BDHSAV2ASQDUGOMU1GFL3XH54XF5HG4Y')
go


insert into TINH_TRANG (TINH_TRANG) values ('L841W5JBMPR6DW697H46CFUYEBEFNHMLWFDQEW7ULLNMA24Y71')
go


insert into TINH_TRANG (TINH_TRANG) values ('Y5S56H70RNIY0NPWPOSBPALXIWA5PGOLQIS6ON3MT819JNQO5Y')
go


insert into TINH_TRANG (TINH_TRANG) values ('VAN1RHD58T68GTPKJ6F8V0C  CG0 0A67DPCL4VWRFUNOJP4 J')
go


insert into TINH_TRANG (TINH_TRANG) values ('N M4Q5WV40Q97A6PKETX24BW00SO5CX9JJQ3TE36UWL0JOW5Y8')
go


insert into TINH_TRANG (TINH_TRANG) values ('E2K43X2FIDURU0BDU70SN5 UCWG3A8MWOYLN3QC2TWAE249 VW')
go


insert into PHONG (MA_LOAI_PHONG, MA_TINH_TRANG) values (19, 14)
go


insert into PHONG (MA_LOAI_PHONG, MA_TINH_TRANG) values (7, 15)
go


insert into PHONG (MA_LOAI_PHONG, MA_TINH_TRANG) values (5, 2)
go


insert into PHONG (MA_LOAI_PHONG, MA_TINH_TRANG) values (6, 11)
go


insert into PHONG (MA_LOAI_PHONG, MA_TINH_TRANG) values (12, 17)
go


insert into PHONG (MA_LOAI_PHONG, MA_TINH_TRANG) values (8, 19)
go


insert into PHONG (MA_LOAI_PHONG, MA_TINH_TRANG) values (6, 5)
go


insert into PHONG (MA_LOAI_PHONG, MA_TINH_TRANG) values (13, 7)
go


insert into PHONG (MA_LOAI_PHONG, MA_TINH_TRANG) values (3, 19)
go


insert into PHONG (MA_LOAI_PHONG, MA_TINH_TRANG) values (2, 14)
go


insert into PHONG (MA_LOAI_PHONG, MA_TINH_TRANG) values (2, 15)
go


insert into PHONG (MA_LOAI_PHONG, MA_TINH_TRANG) values (12, 11)
go


insert into PHONG (MA_LOAI_PHONG, MA_TINH_TRANG) values (6, 17)
go


insert into PHONG (MA_LOAI_PHONG, MA_TINH_TRANG) values (11, 7)
go


insert into PHONG (MA_LOAI_PHONG, MA_TINH_TRANG) values (9, 2)
go


insert into PHONG (MA_LOAI_PHONG, MA_TINH_TRANG) values (13, 17)
go


insert into PHONG (MA_LOAI_PHONG, MA_TINH_TRANG) values (7, 2)
go


insert into PHONG (MA_LOAI_PHONG, MA_TINH_TRANG) values (5, 4)
go


insert into PHONG (MA_LOAI_PHONG, MA_TINH_TRANG) values (11, 10)
go


insert into PHONG (MA_LOAI_PHONG, MA_TINH_TRANG) values (10, 6)
go


insert into TIEN_NGHI_LOAI_PHONG (MA_TIEN_NGHI, MA_LOAI_PHONG) values (9, 3)
go


insert into TIEN_NGHI_LOAI_PHONG (MA_TIEN_NGHI, MA_LOAI_PHONG) values (18, 4)
go


insert into TIEN_NGHI_LOAI_PHONG (MA_TIEN_NGHI, MA_LOAI_PHONG) values (17, 5)
go


insert into TIEN_NGHI_LOAI_PHONG (MA_TIEN_NGHI, MA_LOAI_PHONG) values (19, 16)
go


insert into TIEN_NGHI_LOAI_PHONG (MA_TIEN_NGHI, MA_LOAI_PHONG) values (11, 11)
go


insert into TIEN_NGHI_LOAI_PHONG (MA_TIEN_NGHI, MA_LOAI_PHONG) values (8, 15)
go


insert into TIEN_NGHI_LOAI_PHONG (MA_TIEN_NGHI, MA_LOAI_PHONG) values (15, 18)
go


insert into TIEN_NGHI_LOAI_PHONG (MA_TIEN_NGHI, MA_LOAI_PHONG) values (7, 13)
go


insert into TIEN_NGHI_LOAI_PHONG (MA_TIEN_NGHI, MA_LOAI_PHONG) values (1, 2)
go


insert into TIEN_NGHI_LOAI_PHONG (MA_TIEN_NGHI, MA_LOAI_PHONG) values (6, 2)
go


insert into TIEN_NGHI_LOAI_PHONG (MA_TIEN_NGHI, MA_LOAI_PHONG) values (14, 19)
go


insert into TIEN_NGHI_LOAI_PHONG (MA_TIEN_NGHI, MA_LOAI_PHONG) values (12, 12)
go


insert into TIEN_NGHI_LOAI_PHONG (MA_TIEN_NGHI, MA_LOAI_PHONG) values (3, 17)
go


insert into TIEN_NGHI_LOAI_PHONG (MA_TIEN_NGHI, MA_LOAI_PHONG) values (13, 6)
go


insert into TIEN_NGHI_LOAI_PHONG (MA_TIEN_NGHI, MA_LOAI_PHONG) values (10, 8)
go


insert into TIEN_NGHI_LOAI_PHONG (MA_TIEN_NGHI, MA_LOAI_PHONG) values (2, 9)
go


insert into TIEN_NGHI_LOAI_PHONG (MA_TIEN_NGHI, MA_LOAI_PHONG) values (4, 7)
go


insert into TIEN_NGHI_LOAI_PHONG (MA_TIEN_NGHI, MA_LOAI_PHONG) values (16, 14)
go


insert into TIEN_NGHI_LOAI_PHONG (MA_TIEN_NGHI, MA_LOAI_PHONG) values (5, 10)
go


insert into TIEN_NGHI_LOAI_PHONG (MA_TIEN_NGHI, MA_LOAI_PHONG) values (1, 1)
go


insert into THU_NGAN (HO_TEN, DIA_CHI, DIEN_THOAI, MAT_KHAU) values ('7SVSQQ4KU4NBQ6IPWK2RUH2U9U023VW4P 6XTU4H9FJLIJI6L ', 'EB TAEPC04209P2OO4MIFWD71FYSXSRC NYWTCPWNL3WSV4CL0', 'JAOY5SUS IFU CQ19LOG', 'GQ5F1PC22ICUNB9OWSQWMNNO7JC76XGIXPN5RMBKYQEDXBJDBH')
go


insert into THU_NGAN (HO_TEN, DIA_CHI, DIEN_THOAI, MAT_KHAU) values ('P3RV YF3TBDCHWB29IIFQQDPHK3H7X4KAX8GDCK RVS4SI9LPT', ' 0S0RY3OL8Y2M0H9UQDDRBOREWETQMVKBTPDSD942LN0KGYAI4', ' TTM49LNMQH9ILODTK2X', 'OO2R6FUVWSM23NI79L52GLDWV2HNYY75DTBJJ7M I7KMVA0 W6')
go


insert into THU_NGAN (HO_TEN, DIA_CHI, DIEN_THOAI, MAT_KHAU) values ('2 LJPI3YQPTOO8HIPC7FMYUV7 TDKQ9517XJN4VAW30J4I 1TS', 'REF2YB6MB3JXF8GO1HB4RA40V8XS6LRS2GU24KMO3EM3X6991Y', 'JGVEA71EHDN0AE7IW5DU', 'H7DS5M8C5WVKMRJO2GJEDIV3KEOGNWX0G2V96J9NOPOCF2YLY0')
go


insert into THU_NGAN (HO_TEN, DIA_CHI, DIEN_THOAI, MAT_KHAU) values ('X1D25DPTYA0CKM7XGS9CE4AM206IGNH8JGA1RBPQBH7XDAN5HP', 'QCMCHITJMKSKIELQPJLK1JHLPEX5L67K GO5X0VT2Q5CMG0K57', '7H07V RVEY8YHCBJ6KAW', 'QEU5RMUOL7G15HL241CWJ5H0LRBNPTTWAMVJ5ANFWH13Y707BX')
go


insert into THU_NGAN (HO_TEN, DIA_CHI, DIEN_THOAI, MAT_KHAU) values ('HTBT FR1A5PB 7LBN7TKV CMINF4Q0R7 O9QAVDYQVHYRH4OKN', 'JYNLLPXIMMDXA8IDH49ES87PFP0F8IW5 1U6RW2G4OLWD29EFG', '8F4VX38QU7K08RH0U0BF', 'J37VQOERYU4M5WU904WU0TC26YWOH6MK2PT9C6W2A33O5L5G7L')
go


insert into THU_NGAN (HO_TEN, DIA_CHI, DIEN_THOAI, MAT_KHAU) values ('HW4X6P2BK 4UNH7SW2RERIJTMEOWR W0YYQ4D6RGKNQ208GPXY', 'AEK L7J3PNF78UORWGNIDQ936DR9T7OXXOGI6F8KOD3HX85R9K', '96WCK2BT70SS472IV59F', 'DGRMTOXO5QQBBJDEJ51M CH0 0W4Y9JPGMHC5 NFDP3MLBB20S')
go


insert into THU_NGAN (HO_TEN, DIA_CHI, DIEN_THOAI, MAT_KHAU) values ('BM9TITXDQJM58OGC6A4WC4BSSC7JPJ4E2DTF9BAJCLCE1M8JA9', '51L8L97L2A6W4 1S2CLY0VXS BBKPCAHH248J9NN8NY0JQJ769', 'NNQODRH3F TW0M7YD5IO', 'BTI83DQ65B LIDKCJ1AI0LQ7URRCXQGVF6F7U4S0JO2ASQOY4J')
go


insert into THU_NGAN (HO_TEN, DIA_CHI, DIEN_THOAI, MAT_KHAU) values ('13A5P RF7VS68DHJTC5FLD3D5HHHKX52BHV NRG9E5A22PA89V', 'UR5FJY4U6MHEG64HQEBSNLE37GCYFA 2M9P9MUUCYHDK8FU6VU', '5CHOJSF8D178RDI9MV59', '5PUNXDW14UKJKFFUNMSD5TEA04F0B968PWFA9O2E23WTMY4J7U')
go


insert into THU_NGAN (HO_TEN, DIA_CHI, DIEN_THOAI, MAT_KHAU) values ('DWTDWGPFKMST3WQ24O2IWXULKCG4GPMUT8WU GBR0Y8DQ3HDW2', 'TA9C0GNKV1NCUU18J29CRAIO0130PAF3TQNQUSE1638JGSSWA9', 'ETR3LTT59UGJ5IQMMY99', 'ABBAX0QQNMGFE8XD7BH2UIY5U2FB5O22YDDK092O14O0A9VAWQ')
go


insert into THU_NGAN (HO_TEN, DIA_CHI, DIEN_THOAI, MAT_KHAU) values (' IFO0 RT9BAEYD9FT3S7QEE4AR23F8THD NWYDUXDUBUR35AN9', 'M9P9B5USMJ02U1TU IXA612U9 S72VBTW9W0C95BDKDY4 5YGB', ' EG5EXH56K5RA2NP5FWK', 'WSLM71LYATWDADN4T4D5 FG8204PLPLODLEO8ON824KA TM8UW')
go


insert into THU_NGAN (HO_TEN, DIA_CHI, DIEN_THOAI, MAT_KHAU) values ('3PAM1ED 8LTY81B1H59AISQ5FR5YT6EFY3T52QXXQCK8CHVQ34', 'J8837OTO3NM6VGBXSH1PWVWKOIQOU3BPA6B6YMYIVQR8WG3U1Q', 'C UNLMH1D2JRJX LLHDJ', 'IGFD V9U0M6MMEAL59IXQW4C2T6C9M27QKES30DARQRVIDJBIM')
go


insert into THU_NGAN (HO_TEN, DIA_CHI, DIEN_THOAI, MAT_KHAU) values ('1N96ANQ0RDB67KNMP4APFGCB06345 YQXSDI0LLOQ4HY6JSRU1', 'IOVBWV3HR9TXS50QQMIDVB098V4VJCP09QO6 R4SQ7OR70VQA7', 'KLP8H 1B5C6EJ4C93Y8Q', 'LHX1E 613RCANS2LWUEW3K1EHB87JPYOY0JWC DMUTWEARC8 O')
go


insert into THU_NGAN (HO_TEN, DIA_CHI, DIEN_THOAI, MAT_KHAU) values ('GKCB3N39929LT04FWUY6RXQGXWG6A3OU 893CK9FBYFCN2APNW', '27PCI5UUC16SDUMYL57S27U07ACTGMTW78B7NQIL0PS8BKL4DM', 'UCRSI9FC5BXT2OFTOOVF', 'XUN97NILVNB3O 727YWL0WO57C8O7XQ8VCSFH53BXMB8PQY2SS')
go


insert into THU_NGAN (HO_TEN, DIA_CHI, DIEN_THOAI, MAT_KHAU) values ('6H53 Y30749F6W39QDNJHYK6SUTBO5A4QJ1O8N60P16NUXSUCL', 'L483HCGYSBTFN4RG0QTS ANMWG5055LSN1WMFOQBMIDL9BIT8Y', 'FGSIUKVKA5E2PHSKTT69', 'LL4WRCUK9I1OAGT2RHT9G037M9TUSEH2H3K9FUQRNK17R5JUE8')
go


insert into THU_NGAN (HO_TEN, DIA_CHI, DIEN_THOAI, MAT_KHAU) values ('X49L4PNPW72Q7IR8YDRY475DSTQ3WWQ5D1NHU87CPFRTLRDDPY', 'AR6CESUS3STVXXSHIUYLL4N71UV2 XDSN8MJ4TWGOMIKT0JBRX', '82NFO9MBYLAW2OJIJ 5 ', '0XW3EMRRMTDBPR5M1CW0 O8N5UC15M0YJTQV49UOFTG08VN4X2')
go


insert into THU_NGAN (HO_TEN, DIA_CHI, DIEN_THOAI, MAT_KHAU) values ('CPOLUL27DY WK9E784C2S4GQK4D9SOEEC6ET2 B5VGD3J4RN2H', 'R39VR3WY9BI1  OXB3F0GOMGTWHKB9L56KSOTTEXOH81JBKRTM', ' 2WTLH76K8WQH41CEI  ', 'K40BEX5N9Q0KIAR99KTNHDFQPJ1MM F4RDJT YJ9PRSW89R6WB')
go


insert into THU_NGAN (HO_TEN, DIA_CHI, DIEN_THOAI, MAT_KHAU) values ('7SX98EI3DVA0HUU8RVH 2WAHFMKMW8APDJC7X4TCJ9NY3IN92R', 'SBWG1BR WVP1A1 T BPU8W A0JKCNS73FCOS9FYAWS86D7I2G8', 'HGY7BT5YR9FCYR8FUPA2', 'DHUNH2VWGDAVKRVTKFHPM 0LF45CE706WMLOBXSY1MA13XBHDK')
go


insert into THU_NGAN (HO_TEN, DIA_CHI, DIEN_THOAI, MAT_KHAU) values ('WRWC2CT8HGIU8KSIIUV53YR3MCSR6S4YY5CJMRPN21CB6MWI7 ', 'ENF7I0JQOMM72 AC8JV7HP0XI5OGPYMJVI69559JHLGFK27A2I', 'NYJ5S3HMD881XGP7RFB0', 'SLIUFJ4SQEDL22S302E49JN2V J7I9HUEE2HBVDNYO2AIUR2SR')
go


insert into THU_NGAN (HO_TEN, DIA_CHI, DIEN_THOAI, MAT_KHAU) values ('W5LGM N246XKS1 DX8Y1KRS93TVVY BA6Y2UF66XXJVTPDBMGC', 'U50KMG5DAPWHMX5O2PBSFFKKEXELPOODBYQJT8T3M223EU7BX9', 'AF4OHPD9J3BLDJIET9G5', '063CFJSQ9W0XR CBX51Q NCWRVUATT88667 T0CMCW98AX6YJU')
go


insert into THU_NGAN (HO_TEN, DIA_CHI, DIEN_THOAI, MAT_KHAU) values ('KTK76VPONQ12PF4JTICLQMCOK5BUFYXXK8R6RIFC9 XJAVF3N7', 'YB2NOSYFP65TNPSGCQIS7JAUNNOC5FVXJJY1FFYRAXMJJ1YP3P', '0GK2RCCQA5A8M OU3FS5', 'Y70UY4FLL15V58QWIXHNCGQRUSIO B45K8RFDTVCCOCUW09RXO')
go


insert into KHACH_HANG (MA_QUOC_GIA, HO_KHACH_HANG, TEN_KHACH_HANG, CMND, HO_CHIEU, DIEN_THOAI) values (19, 'W1XKDJN7GNHJO08RE6S5DQUNARTRURVX245W70QWHTPEN9YDKV', 'VHLLEQJKYDOI0AHL525KISMFV78B9CQQBAD1XURJBY2O7L4WEX', 'IEI6 XSHX91W003XQ1RT', 'NW8Q2G7AHR3U9MLRSQY8', ' FAD26S1L 8P8MRJLNUS')
go


insert into KHACH_HANG (MA_QUOC_GIA, HO_KHACH_HANG, TEN_KHACH_HANG, CMND, HO_CHIEU, DIEN_THOAI) values (10, 'JP0JSF 5T1BGJV BV8IVBAYGH1DCSRGA24I517B1CSEYL9OUO4', 'B27JS3XKNB89QIB4SBO8GEJG09UAFSIK F430CTMEY6MAUGN3Y', '7VC3RC9RE51MRAHMQXS ', 'R0OERWVCQYHCRWNEGC U', '7C N GEIXEKAV11D7FDH')
go


insert into KHACH_HANG (MA_QUOC_GIA, HO_KHACH_HANG, TEN_KHACH_HANG, CMND, HO_CHIEU, DIEN_THOAI) values (9, 'P3OVGV0WJJ9GN5J429OUWQQ53O0I6TDDQ3RUPBVQBFPPO FKE1', 'A7Y6RUVFR3I EIXNLSHXIOXC2RSO 7JEP68CUP274V3PRVXK74', 'JV L6PMD7CCSHVKDI SN', 'ESK92NYUQCBSDOWBM3XV', 'FI3MKTIPH1OJ0CYMB4WY')
go


insert into KHACH_HANG (MA_QUOC_GIA, HO_KHACH_HANG, TEN_KHACH_HANG, CMND, HO_CHIEU, DIEN_THOAI) values (9, 'MUEEOCUGGOKC2X3PF3DXTCG49E4CHEQ LDL63SNLIHXC6TR482', 'V1TMLF627D0SH 5QQPFC0JBLDJ3HS1SSF784V526 SE06Y3NGM', '3T5 JITW8R7H620532PR', 'KR4Y6YY3HXVQBJK2K6L0', 'RCYMOQ7SI 0WX5PWXRFE')
go


insert into KHACH_HANG (MA_QUOC_GIA, HO_KHACH_HANG, TEN_KHACH_HANG, CMND, HO_CHIEU, DIEN_THOAI) values (4, '7SYQ80T3LNPUT 0A71831OFADOBAB K YUN1G 2YQ5G50E63 X', 'YO6A1F4HNUDRHMWF4D8BKS72S62HCUXOOA27APMYH0KAQLK2MC', ' 5Y286UH1NBBYGXLX X ', 'KU586YJ7O1HI1R27WBPE', 'SSNXWNQI3RVWUT6JQYG9')
go


insert into KHACH_HANG (MA_QUOC_GIA, HO_KHACH_HANG, TEN_KHACH_HANG, CMND, HO_CHIEU, DIEN_THOAI) values (4, 'WRRPQC38WK8SIMBSXX95K9WSGVBUNM2CAPKT8Y02D6K61WGX1A', '7LSTDTN8HL C71LF7XAXNPDT978VAXKKCM4BK36TVBAEV4G 53', 'X8WP1M8MXRH1M6M2JPQS', 'QOH8QUPSCHUMF2AC57ST', 'FAHKWVDS1SL23XFYKKM5')
go


insert into KHACH_HANG (MA_QUOC_GIA, HO_KHACH_HANG, TEN_KHACH_HANG, CMND, HO_CHIEU, DIEN_THOAI) values (11, 'U0PHI14HXLIVIPAUAMBN8BJODULRVWROY8I4H5EVF08PD3E5B5', 'KPM0YNFV PD6O96XAIFAD5PHXC2VVHI30UCHMN O7MQFECDY7R', 'DDYRADRJTDBOM99R1VRX', '2PXIOJME7C0ALULJDT2E', 'KFAXFOVHRBEBGX2KWCIB')
go


insert into KHACH_HANG (MA_QUOC_GIA, HO_KHACH_HANG, TEN_KHACH_HANG, CMND, HO_CHIEU, DIEN_THOAI) values (11, 'CJNK1EVGCWT343UJ9MRK2YB0FOGCBPOOIE77TTS4AMOTIR7Y 4', '2706HWTSEK56VENA84JJ0SH6SO BJ03L53MHO84C2XFXX8W4AD', '4NJHDVA2THG4EVTUQ JC', 'UJ0XR 3A2FUR472ISG5T', '2EN0MYQTLP38YTBRMSMP')
go


insert into KHACH_HANG (MA_QUOC_GIA, HO_KHACH_HANG, TEN_KHACH_HANG, CMND, HO_CHIEU, DIEN_THOAI) values (4, 'AQ5UIVHUL81RS1PNVN0NCA5WQ8K A JD0X0RJAI2MFTPQDOEM3', 'NQHFM5GCEDBDJOXMLAW3BWS1N8BTFMW3OAIKQH88HEG5BW3S G', 'VUGPD 64XWPWFT2TAB 8', 'PLI448UO8NA9A F5AOHM', '4W1CIBS1QA2W2T8IXLQ6')
go


insert into KHACH_HANG (MA_QUOC_GIA, HO_KHACH_HANG, TEN_KHACH_HANG, CMND, HO_CHIEU, DIEN_THOAI) values (5, '4PCWICEI68WGIR D94HDHQGG9419YEIRWY29O83ML6DPAD87SH', 'PY5GTGGAT9574I4X67884LUVOFI6X2RKO9N6W3CW4JBGHAB0L6', 'RON0SYP5HQ9AKTIA4CC9', 'FAYKJUCKIG0K7RCOBC1P', 'BAQCPRPHBN6GHYS8CIP2')
go


insert into KHACH_HANG (MA_QUOC_GIA, HO_KHACH_HANG, TEN_KHACH_HANG, CMND, HO_CHIEU, DIEN_THOAI) values (19, 'XM201T7QTQR KOEJE3RJ8HAMJE3WUERKX SNAUREN489XUYQPH', 'KX2SB434HRSCJNFYJKEBGV94AU5 4WRMX8DE O9BWRTM2IFVKT', 'KL1LF20HAKY995XKHHD7', 'LOJ2N3ID GVCJ4DO82O4', 'IOICUV3QRM73T75 K9NM')
go


insert into KHACH_HANG (MA_QUOC_GIA, HO_KHACH_HANG, TEN_KHACH_HANG, CMND, HO_CHIEU, DIEN_THOAI) values (8, 'NSAY HSNUSXXO76QX18VB6PA5XO540V  ASRRW0YB0LM9GTNJA', ' M9CTN3JJVMJEWD00E3A3V30IOWQTCYEK1GK7S105LBHQD8HP0', 'VUCQV2VA6G1Q5ID9AYCJ', 'N4MOUO74UDYG3FI0PUOK', '8G7TRXO7G8WLNKUVY2XO')
go


insert into KHACH_HANG (MA_QUOC_GIA, HO_KHACH_HANG, TEN_KHACH_HANG, CMND, HO_CHIEU, DIEN_THOAI) values (3, 'W2L8OE6C CSYCJ9WAJY4P8YA07JHLVG4AIJYR3QI155C4GO7BU', '2 WATDKRH2IW5130XB5HJ7D4KSOK60M 2DWW7U5J4 E1 Q0F64', 'XBF508JOUWIBMY42XSGD', '4Q7UIXEGEGI1XRD42EB2', '93C 20WJLI 4U1HS8D8W')
go


insert into KHACH_HANG (MA_QUOC_GIA, HO_KHACH_HANG, TEN_KHACH_HANG, CMND, HO_CHIEU, DIEN_THOAI) values (12, '6MTS4 FCSMOWAWI7FSQD 526N3OJ8FH4AWVBW31KMEWPGPP2RF', 'HKB76UJ96Y22HC4TF2KM 2TLG6GIAKN30SE91H5C7V5CIN 8VY', 'O4AMXFX8Y5KCUJ8DIML6', '52EQJKFO0SCNA4 X7CE4', '5UKHT5N4SKIBQ40POWNC')
go


insert into KHACH_HANG (MA_QUOC_GIA, HO_KHACH_HANG, TEN_KHACH_HANG, CMND, HO_CHIEU, DIEN_THOAI) values (17, 'TNWK9X 82VQGEQGRV0493DWFIN58 XCNUS9RYT61T1RRRX63FD', 'L0CTGMMMXOH6G2MS0S1954QKUNIR59KO5J1OMHYK0LLBJF75RD', 'LDY8YQXDR80KS50IHTN5', 'LSVMRASQJ2EHKX892Y10', '2RYBDVR9D0JEIDSGXWY4')
go


insert into KHACH_HANG (MA_QUOC_GIA, HO_KHACH_HANG, TEN_KHACH_HANG, CMND, HO_CHIEU, DIEN_THOAI) values (15, 'FTX3RJDHBUJGAH41LDF5IW21OL9W5WNBARU1NPUEOILB 1L07P', 'OQ1BT7  T007Y8HSCXQ9H4LT7ILCPCHP2V2BHWJH92MYGL1M5A', 'RVD7HANGI7TD8OLICWP4', 'V81E9B6R9MQUJX9IDAB8', 'G7NJW1IJ5P3MKKFXV4V4')
go


insert into KHACH_HANG (MA_QUOC_GIA, HO_KHACH_HANG, TEN_KHACH_HANG, CMND, HO_CHIEU, DIEN_THOAI) values (18, '16KBE7LQLPEF48UO6D90SYTYC11KLR6Q60600BGQJD702V5VD5', 'XO9CV2HO5K1R9OT4C6UKUE64V5KJMXTS64F4B705HH7NKC28PM', '65ASXHOB7TDKCFYR17YR', '8 ST22CN5KNEF19J7AEY', 'YQ56CJT99BEAXG54MAP5')
go


insert into KHACH_HANG (MA_QUOC_GIA, HO_KHACH_HANG, TEN_KHACH_HANG, CMND, HO_CHIEU, DIEN_THOAI) values (6, 'LQN40H31FI2QE27PHUKKXQVR664DXBSFXCDAC35ODIHUKYK6WT', '14I8JNG0RU9WA08M4CMA OM7972UJGR17DFJQMSGL49Q TLVHP', '5 BV08CMKFX7S14YU66G', '4RROCYQSS0ICFOAUI9MD', 'PYXH0GS25KO12L72CMUE')
go


insert into KHACH_HANG (MA_QUOC_GIA, HO_KHACH_HANG, TEN_KHACH_HANG, CMND, HO_CHIEU, DIEN_THOAI) values (14, 'AJIIEN5MKBQLX1TEG9OET7DATA2CRB43X9HL SA55OXY8T2OX8', 'VG3CEF7IOJEDXEIYR3RC41NX9VWJK8QVB3LRHL6LQYF0EF6JXU', '862XND 4GKGLR3WQY65 ', 'RONOQI2C4WPYJDWQFO5P', 'A43IVFVQ6H LFUW JAWD')
go


insert into KHACH_HANG (MA_QUOC_GIA, HO_KHACH_HANG, TEN_KHACH_HANG, CMND, HO_CHIEU, DIEN_THOAI) values (15, 'OOHR6RMT5T8V5 R3U1IQYR5TLA7HT0ATTXJGVYYHTMKH60MUFO', '4KH HP5XIV8O3ELN9S8P9DORVS5EHKOTUHM4RT3LW0GWTRISCV', 'ODJWW3BQII2NIBPKUBRR', '8C8BWET878QOBNJ3SBV ', 'TP O3SDEWO5EU5O1RXPY')
go


insert into CA_TRUC (MA_THU_NGAN, GIO_VAO_CA, GIO_XUONG_CA, DA_KET_TOAN) values (4, '1753-01-01 00:00:00', '1753-01-01 00:00:00', 7)
go


insert into CA_TRUC (MA_THU_NGAN, GIO_VAO_CA, GIO_XUONG_CA, DA_KET_TOAN) values (11, '1753-01-01 00:00:00', '1753-01-01 00:00:00', 11)
go


insert into CA_TRUC (MA_THU_NGAN, GIO_VAO_CA, GIO_XUONG_CA, DA_KET_TOAN) values (18, '1753-01-01 00:00:00', '1753-01-01 00:00:00', 4)
go


insert into CA_TRUC (MA_THU_NGAN, GIO_VAO_CA, GIO_XUONG_CA, DA_KET_TOAN) values (3, '1753-01-01 00:00:00', '1753-01-01 00:00:00', 19)
go


insert into CA_TRUC (MA_THU_NGAN, GIO_VAO_CA, GIO_XUONG_CA, DA_KET_TOAN) values (14, '1753-01-01 00:00:00', '1753-01-01 00:00:00', 13)
go


insert into CA_TRUC (MA_THU_NGAN, GIO_VAO_CA, GIO_XUONG_CA, DA_KET_TOAN) values (6, '1753-01-01 00:00:00', '1753-01-01 00:00:00', 12)
go


insert into CA_TRUC (MA_THU_NGAN, GIO_VAO_CA, GIO_XUONG_CA, DA_KET_TOAN) values (3, '1753-01-01 00:00:00', '1753-01-01 00:00:00', 10)
go


insert into CA_TRUC (MA_THU_NGAN, GIO_VAO_CA, GIO_XUONG_CA, DA_KET_TOAN) values (7, '1753-01-01 00:00:00', '1753-01-01 00:00:00', 1)
go


insert into CA_TRUC (MA_THU_NGAN, GIO_VAO_CA, GIO_XUONG_CA, DA_KET_TOAN) values (8, '1753-01-01 00:00:00', '1753-01-01 00:00:00', 5)
go


insert into CA_TRUC (MA_THU_NGAN, GIO_VAO_CA, GIO_XUONG_CA, DA_KET_TOAN) values (8, '1753-01-01 00:00:00', '1753-01-01 00:00:00', 8)
go


insert into CA_TRUC (MA_THU_NGAN, GIO_VAO_CA, GIO_XUONG_CA, DA_KET_TOAN) values (9, '1753-01-01 00:00:00', '1753-01-01 00:00:00', 3)
go


insert into CA_TRUC (MA_THU_NGAN, GIO_VAO_CA, GIO_XUONG_CA, DA_KET_TOAN) values (1, '1753-01-01 00:00:00', '1753-01-01 00:00:00', 17)
go


insert into CA_TRUC (MA_THU_NGAN, GIO_VAO_CA, GIO_XUONG_CA, DA_KET_TOAN) values (18, '1753-01-01 00:00:00', '1753-01-01 00:00:00', 0)
go


insert into CA_TRUC (MA_THU_NGAN, GIO_VAO_CA, GIO_XUONG_CA, DA_KET_TOAN) values (5, '1753-01-01 00:00:00', '1753-01-01 00:00:00', 15)
go


insert into CA_TRUC (MA_THU_NGAN, GIO_VAO_CA, GIO_XUONG_CA, DA_KET_TOAN) values (16, '1753-01-01 00:00:00', '1753-01-01 00:00:00', 9)
go


insert into CA_TRUC (MA_THU_NGAN, GIO_VAO_CA, GIO_XUONG_CA, DA_KET_TOAN) values (9, '1753-01-01 00:00:00', '1753-01-01 00:00:00', 6)
go


insert into CA_TRUC (MA_THU_NGAN, GIO_VAO_CA, GIO_XUONG_CA, DA_KET_TOAN) values (18, '1753-01-01 00:00:00', '1753-01-01 00:00:00', 18)
go


insert into CA_TRUC (MA_THU_NGAN, GIO_VAO_CA, GIO_XUONG_CA, DA_KET_TOAN) values (16, '1753-01-01 00:00:00', '1753-01-01 00:00:00', 14)
go


insert into CA_TRUC (MA_THU_NGAN, GIO_VAO_CA, GIO_XUONG_CA, DA_KET_TOAN) values (19, '1753-01-01 00:00:00', '1753-01-01 00:00:00', 16)
go


insert into CA_TRUC (MA_THU_NGAN, GIO_VAO_CA, GIO_XUONG_CA, DA_KET_TOAN) values (7, '1753-01-01 00:00:00', '1753-01-01 00:00:00', 2)
go


insert into CONG_TY (MA_QUOC_GIA, MA_NGUOI_DAI_DIEN, DIA_CHI, DIEN_THOAI, EMAIL, FAX, SO_TAI_KHOAN, MA_SO_THUE) values (18, 1, 'HB4VFHX1GH9N5JQ1ROFERT9IXWRUYYBNID5JHQ  MN I6FGSPF', 'AUGFIVR6RRPFTIKJ4Q97', '8 LQBC4CJ8W 2SGH86KFI0XD33APN31EPSHBJ20O7MYQ3J5B8O', '43C8FJUOS706B3IQ1L4K', 'P6A3KGDXSCXKW7PJ6AAR', 'HFD4OI68FL088M9J3C M')
go


insert into CONG_TY (MA_QUOC_GIA, MA_NGUOI_DAI_DIEN, DIA_CHI, DIEN_THOAI, EMAIL, FAX, SO_TAI_KHOAN, MA_SO_THUE) values (16, 1, '7HJT24HO9QYUCJYR9KISAAKTDCG7Q9D65B8GTKKW6XCRMMXIMP', 'HQ 22BI7ISLJAWU05WX4', 'R 2U1KRXX1YV6BDSLRCODEDL7E3GKKAAKVU9MR63IKJFAJEN7O', 'X34PGXU9 YH5ACKUWFVK', 'WEQLV001W BFR7NDFPFD', 'BVJRM2ITQOKYBIWJ U8P')
go


insert into CONG_TY (MA_QUOC_GIA, MA_NGUOI_DAI_DIEN, DIA_CHI, DIEN_THOAI, EMAIL, FAX, SO_TAI_KHOAN, MA_SO_THUE) values (17, 7, 'H0W HU70L6VQ9TY4G5DJ8RB7XKSB8CGNM0EH95BAKSRULUA13J', 'HM2 0LCAJAPLHR5PMC0B', '0JAJ8RVEYYI3WUMLO3E2CY81B7ALIG8EV 39I72WLI101O9AD3', 'D8IE5TN2BMOTCJDMY5SX', 'J0TNNHCUWNHV35 JVQCS', 'SU91R758O2DHEX7QH0C4')
go


insert into CONG_TY (MA_QUOC_GIA, MA_NGUOI_DAI_DIEN, DIA_CHI, DIEN_THOAI, EMAIL, FAX, SO_TAI_KHOAN, MA_SO_THUE) values (18, 18, '289 KBSCXKJKYYGGYONVLUKPRPEFX2AFT6A4RW89PL96D5S87R', 'I4GYMYQ43UUY2N4VGEM2', 'CPQB0WAJC4 OGXA5GVHFKK2DGK8IOPSXR3EAK7FOY0LAGTN79V', 'TJNSRQF7Y6HBDR8V1VI8', 'H2FM4VGES8I8J8UR5 N ', '6DWXF5QY11FIRAWR8P3X')
go


insert into CONG_TY (MA_QUOC_GIA, MA_NGUOI_DAI_DIEN, DIA_CHI, DIEN_THOAI, EMAIL, FAX, SO_TAI_KHOAN, MA_SO_THUE) values (9, 3, '3UVA2NTRIFN6HR2BO7TIXOB3LU0KPBDGWG42ULDWHA77DLR0K2', 'YOV H7NMOYD F0UBEL N', 'XA WBSE6IEQCU57TVJFPRTV6MJHFB5RX52RWFUQDGV7BG7JK9 ', 'C1D0S4EFYAU JIF698AK', 'UMDM7ELJB5MRDDENSHXP', 'VPFS6ST VWN2DHO V6BJ')
go


insert into CONG_TY (MA_QUOC_GIA, MA_NGUOI_DAI_DIEN, DIA_CHI, DIEN_THOAI, EMAIL, FAX, SO_TAI_KHOAN, MA_SO_THUE) values (13, 14, 'NJR4I5IV6KJW6T2U8N MFGQ6HW 8F2X39EY8HAR87AXCVAHQ9A', 'IJA444GOT8 Q3CH1798R', 'UUC05RY6PMRWDS0G1BGLOW7VKCKJV951WLA823YA 0HAXGWKSJ', 'W24 0DKWCA5A0DSO Y6L', 'C3NOMXL8LGO1UU7I5VT ', 'HMTIULGHMV0SAQ8VLX0V')
go


insert into CONG_TY (MA_QUOC_GIA, MA_NGUOI_DAI_DIEN, DIA_CHI, DIEN_THOAI, EMAIL, FAX, SO_TAI_KHOAN, MA_SO_THUE) values (7, 8, 'SYH3CUCWK11MHEMBYU2EXKIWS38SQK57V0LXATNRQL6APPRGJX', 'JLGWE8IMY31D7P9T7FFK', 'IYOLCP4V6CKVPIGQOD9LIFYVX1F1QWQLRRHH43VYBVENML3LQ7', 'B13DFAVCT YPW 6GSWB6', 'CX REP1AH1DO4JE9CLSC', '4X22E1D5SBOIU7TN9AKJ')
go


insert into CONG_TY (MA_QUOC_GIA, MA_NGUOI_DAI_DIEN, DIA_CHI, DIEN_THOAI, EMAIL, FAX, SO_TAI_KHOAN, MA_SO_THUE) values (11, 7, 'KRA3HDDULJ7E I6CCGA4C09MX1WEQVRMS4 TLN4BTB3XU9TOUM', 'X2YY9U3JL85L6F4PUUQ9', 'MV3J53PS8S CD7BQ4R66PD079W3XA7KF9ONXP8B4X4K82OFKUR', 'AUMAHB0RFTLI495IKW2C', 'ET JJLAU0BJN GLIN1PU', '48M1FRBFT303F 7FP2VU')
go


insert into CONG_TY (MA_QUOC_GIA, MA_NGUOI_DAI_DIEN, DIA_CHI, DIEN_THOAI, EMAIL, FAX, SO_TAI_KHOAN, MA_SO_THUE) values (18, 8, 'UKDYC W95LNLX75MVA9JSJA5BLSCBUPQ6KRXBR9R9XNGL6JQMS', 'EEH0B9ANTFGLTXMVEH65', 'SI7HDBF5VI68GOOXODPIEGEM1BU1BSB P1SBI5F28SQ0LFKQ80', 'SAUQSK6KG9WTRW159RPJ', 'Q73OEXVX0F2AC3NGDWXY', '6 T YKED2JV6AG2BO071')
go


insert into CONG_TY (MA_QUOC_GIA, MA_NGUOI_DAI_DIEN, DIA_CHI, DIEN_THOAI, EMAIL, FAX, SO_TAI_KHOAN, MA_SO_THUE) values (17, 7, '1SGKXKOD0MDW5JE7I3X3PRWSU9Q2DFQ6G2FP5HM0OT01U5C7NJ', 'YK9VH7AVGYD0L1S689HM', 'VSK6T1FOLY8UC383OMKI3E KRKA3Y9VEULHIO9BVXQH53U6HRP', 'D4PGU056S25 QKU5A2K2', '9Q3NYROLHI8XW9GVQTO3', 'A3HQMLSBWVNWQ8S1XM1I')
go


insert into CONG_TY (MA_QUOC_GIA, MA_NGUOI_DAI_DIEN, DIA_CHI, DIEN_THOAI, EMAIL, FAX, SO_TAI_KHOAN, MA_SO_THUE) values (18, 12, '4BEVG7FQFPO0D11WBDX7IUXMKK24MYA94 434VMF5YXAKMFP05', '5SYPU1IYA4AFSXWU1EWU', 'Q2I7H3QIU04YNIY5UONCSUBCDX 9XCUM6I0KJ005MEMA9PC9DP', 'EGBY8K3UVGJUIUV3RDHU', 'UA74FIC4KEI M7DKSHGL', '173JXE4N4DI7SXQBGXIT')
go


insert into CONG_TY (MA_QUOC_GIA, MA_NGUOI_DAI_DIEN, DIA_CHI, DIEN_THOAI, EMAIL, FAX, SO_TAI_KHOAN, MA_SO_THUE) values (3, 5, 'THEU2JL0JENHJ7IQ4VV2OVMX5D4Q9WPRUE4PB1Y KCKIJ51D80', '8US2A8KDNVG67QDTMST2', 'THHXYFADRFC9F 6CARLEOGYEC1TRWGUME1LWSALLDMW7T7 0A8', 'HB7Y6E1SKD80CICN7C05', 'KD2K16SG0WYHONWUXE7B', 'XVQK SQL6HQ8STYN301I')
go


insert into CONG_TY (MA_QUOC_GIA, MA_NGUOI_DAI_DIEN, DIA_CHI, DIEN_THOAI, EMAIL, FAX, SO_TAI_KHOAN, MA_SO_THUE) values (18, 2, 'GUVHVTWTLY6PT3KIDQ JUB0PDEGTUVRSETIL60ALDGVC382SJX', 'JB2UX4W372XYF0S0VWF2', 'LOL190D00WCU0B1JRWNUQK4BHL46WU7LYQF508572N59PJKN9I', 'JOKSFT9B6DEOMS883779', '2BE112SFS 8YT4391KIF', 'OEUBCRGTDS4 1MMI80SK')
go


insert into CONG_TY (MA_QUOC_GIA, MA_NGUOI_DAI_DIEN, DIA_CHI, DIEN_THOAI, EMAIL, FAX, SO_TAI_KHOAN, MA_SO_THUE) values (4, 5, 'D8N 6OT6JUADMT1BYE33X3J32TKC1JVVVD231UFG R1456G9J2', 'HJB3Q87O2P4IG94TG2QP', '1P47J1N67L93KLPTNRMWDTR1L7R147TOA59AHKD6PRGX44CMFF', '0EGNRTR5W3 2UFJ5FQFB', 'C2GCAO0CFBY6ON04TOBL', 'BC18MI7J7IMQ1ATQAX1H')
go


insert into CONG_TY (MA_QUOC_GIA, MA_NGUOI_DAI_DIEN, DIA_CHI, DIEN_THOAI, EMAIL, FAX, SO_TAI_KHOAN, MA_SO_THUE) values (2, 16, '08D4WBT5MBWS46 DV31BNX2SRBFPVKY26OTT47NX4A22O79PF ', '6YEGM1VULJ0K0QROBT  ', 'LR06CHPR3F46RTJ1NJ2S662LUFX9Y8TEIHBQMSAPL69QVPO VK', 'Q9TKT CN9C76NQKDJXXM', '16AYHASULO2Q59B7369E', 'MPFQPUERJY2OCL0HQ4O0')
go


insert into CONG_TY (MA_QUOC_GIA, MA_NGUOI_DAI_DIEN, DIA_CHI, DIEN_THOAI, EMAIL, FAX, SO_TAI_KHOAN, MA_SO_THUE) values (14, 18, 'KP2MEHF8EP3DIPTN1BH6JNL0S96ULB16KE5GN35BVC21JVQ0L9', 'DGM17U2MSVA2WHBFLPY0', 'NR78HPUID834KKVNT4 4 H7RK5JID6GWZP1Q D 31EX68GAQD5', '8OVBVRKT4XMQXRVFT FV', 'TWT9X S3IPFUESXX2O6M', 'V56LOW4N5V858T7URFNU')
go


insert into CONG_TY (MA_QUOC_GIA, MA_NGUOI_DAI_DIEN, DIA_CHI, DIEN_THOAI, EMAIL, FAX, SO_TAI_KHOAN, MA_SO_THUE) values (1, 5, '8T 00TBPN7VS6NDS0ECC1FD86HFOYTJQDDIRO7H8W2YMIJSNK ', 'IDY5Q5 HAQ9C X2PNKMF', '9667WH9VLU3J1 Y TICIOXUB2Q7CD31RVX0LOKXKIP1L94U57S', 'WEEKFHB9TPPMPIKKYWC0', '2HW94PD3DNLQ70JJ5L9S', 'QASLHU9H046V0ELRTQI6')
go


insert into CONG_TY (MA_QUOC_GIA, MA_NGUOI_DAI_DIEN, DIA_CHI, DIEN_THOAI, EMAIL, FAX, SO_TAI_KHOAN, MA_SO_THUE) values (4, 13, '0VIO ENBN3TBG8PPNE2TM2JWU80667GF8788B8HUMY WGMQF1G', 'KT213PR HXHAD8 XGNQL', '2OHRYNOGL1S172STF2K6CY8J9IRL6UF7K5X3W9IIB28RKBFP6O', 'XE10LP7H3LDHJ5QX8KF8', 'XT5EJ2KYB6Q8RJJQ8OUE', 'V8HV2XB19GJKHD6X8QX1')
go


insert into CONG_TY (MA_QUOC_GIA, MA_NGUOI_DAI_DIEN, DIA_CHI, DIEN_THOAI, EMAIL, FAX, SO_TAI_KHOAN, MA_SO_THUE) values (12, 13, '1DNTYRH  0E 6NMR7IJLHXU3B269VPAAPWWIBEV3YMV1X5SVL0', 'SVL9O4N3JMIDQA1VABU0', 'OCNY73K59JQX7TWRMID5TD1MFC1XUUS5218PFOI1H0MET1046D', '10J2RPXCQ61G1U0KR40D', '65TX1MEFHCWW8 1VWYK5', '7NJSVWABH NDKTN9OHL0')
go


insert into CONG_TY (MA_QUOC_GIA, MA_NGUOI_DAI_DIEN, DIA_CHI, DIEN_THOAI, EMAIL, FAX, SO_TAI_KHOAN, MA_SO_THUE) values (5, 3, 'AO55V51IUS7F06FHDLL82PQTJSR5GS ER5VS7RL34DN3XBVCIV', 'NSIXSNUYA7AHOSN3G562', 'LYEYOO07ODY06Q9JEBB2K G WIP5JD2K08FB7DETV8TM8EPI8H', 'W92YVIM6LDR4X0FDJ1X3', '1M7AKHJQ1Q1RXYHL3GTM', 'J2O875H4F5NFRGOCXE4Q')
go


insert into DOAN_KHACH (MA_CONG_TY, NGAY_DEN) values (18, '1753-01-01 00:00:00')
go


insert into DOAN_KHACH (MA_CONG_TY, NGAY_DEN) values (18, '1753-01-01 00:00:00')
go


insert into DOAN_KHACH (MA_CONG_TY, NGAY_DEN) values (11, '1753-01-01 00:00:00')
go


insert into DOAN_KHACH (MA_CONG_TY, NGAY_DEN) values (2, '1753-01-01 00:00:00')
go


insert into DOAN_KHACH (MA_CONG_TY, NGAY_DEN) values (10, '1753-01-01 00:00:00')
go


insert into DOAN_KHACH (MA_CONG_TY, NGAY_DEN) values (2, '1753-01-01 00:00:00')
go


insert into DOAN_KHACH (MA_CONG_TY, NGAY_DEN) values (5, '1753-01-01 00:00:00')
go


insert into DOAN_KHACH (MA_CONG_TY, NGAY_DEN) values (15, '1753-01-01 00:00:00')
go


insert into DOAN_KHACH (MA_CONG_TY, NGAY_DEN) values (9, '1753-01-01 00:00:00')
go


insert into DOAN_KHACH (MA_CONG_TY, NGAY_DEN) values (4, '1753-01-01 00:00:00')
go


insert into DOAN_KHACH (MA_CONG_TY, NGAY_DEN) values (1, '1753-01-01 00:00:00')
go


insert into DOAN_KHACH (MA_CONG_TY, NGAY_DEN) values (3, '1753-01-01 00:00:00')
go


insert into DOAN_KHACH (MA_CONG_TY, NGAY_DEN) values (10, '1753-01-01 00:00:00')
go


insert into DOAN_KHACH (MA_CONG_TY, NGAY_DEN) values (2, '1753-01-01 00:00:00')
go


insert into DOAN_KHACH (MA_CONG_TY, NGAY_DEN) values (11, '1753-01-01 00:00:00')
go


insert into DOAN_KHACH (MA_CONG_TY, NGAY_DEN) values (5, '1753-01-01 00:00:00')
go


insert into DOAN_KHACH (MA_CONG_TY, NGAY_DEN) values (2, '1753-01-01 00:00:00')
go


insert into DOAN_KHACH (MA_CONG_TY, NGAY_DEN) values (15, '1753-01-01 00:00:00')
go


insert into DOAN_KHACH (MA_CONG_TY, NGAY_DEN) values (6, '1753-01-01 00:00:00')
go


insert into DOAN_KHACH (MA_CONG_TY, NGAY_DEN) values (14, '1753-01-01 00:00:00')
go


insert into PHIEU_THUE_PHONG (MA_KHACH_HANG, MA_DOAN_KHACH, MA_PHONG, NGAY_NHAN_PHONG, NGAY_TRA_PHONG, DON_GIA_PHONG, GHI_CHU, THANH_TOAN_TIEN_PHONG, THANH_TOAN_DICH_VU, DA_TRA_PHONG) values (16, 13, 14, CONVERT(DATETIME, '1753-01-01 00:00:00'), '1753-01-01 00:00:00', 4, 'LRWO0FEW9QYHGJMB6 XLVWM70RMH3SCTGEYEIWYI2MC84EXBDF', 0, 19, 7)
go


insert into PHIEU_THUE_PHONG (MA_KHACH_HANG, MA_DOAN_KHACH, MA_PHONG, NGAY_NHAN_PHONG, NGAY_TRA_PHONG, DON_GIA_PHONG, GHI_CHU, THANH_TOAN_TIEN_PHONG, THANH_TOAN_DICH_VU, DA_TRA_PHONG) values (10, 19, 18, '1753-01-01 00:00:00', '1753-01-01 00:00:00', 9, '47GMSP2H553BK689HARKTJWRAT A5NGUO3OGPVD8W7UWU533JI', 19, 4, 0)
go


insert into PHIEU_THUE_PHONG (MA_KHACH_HANG, MA_DOAN_KHACH, MA_PHONG, NGAY_NHAN_PHONG, NGAY_TRA_PHONG, DON_GIA_PHONG, GHI_CHU, THANH_TOAN_TIEN_PHONG, THANH_TOAN_DICH_VU, DA_TRA_PHONG) values (2, 3, 8, '1753-01-01 00:00:00', '1753-01-01 00:00:00', 0, 'EKSPS7PMBSPAKYPYIQLAKLH1CSF38JDFPHHDU V4SYS YBOQF7', 7, 11, 17)
go


insert into PHIEU_THUE_PHONG (MA_KHACH_HANG, MA_DOAN_KHACH, MA_PHONG, NGAY_NHAN_PHONG, NGAY_TRA_PHONG, DON_GIA_PHONG, GHI_CHU, THANH_TOAN_TIEN_PHONG, THANH_TOAN_DICH_VU, DA_TRA_PHONG) values (7, 10, 14, '1753-01-01 00:00:00', '1753-01-01 00:00:00', 12, 'F76YSA2RE0V5LJG8CN5 AYQ7C VGBHH00GWQ N3YOKBD2GW6I7', 8, 8, 19)
go


insert into PHIEU_THUE_PHONG (MA_KHACH_HANG, MA_DOAN_KHACH, MA_PHONG, NGAY_NHAN_PHONG, NGAY_TRA_PHONG, DON_GIA_PHONG, GHI_CHU, THANH_TOAN_TIEN_PHONG, THANH_TOAN_DICH_VU, DA_TRA_PHONG) values (18, 12, 10, '1753-01-01 00:00:00', '1753-01-01 00:00:00', 11, 'V1S WD5CKTMH8QYKC5H0YUU2SLY0W3 D6UG5OOQOEOV2SBKR8F', 9, 6, 11)
go


insert into PHIEU_THUE_PHONG (MA_KHACH_HANG, MA_DOAN_KHACH, MA_PHONG, NGAY_NHAN_PHONG, NGAY_TRA_PHONG, DON_GIA_PHONG, GHI_CHU, THANH_TOAN_TIEN_PHONG, THANH_TOAN_DICH_VU, DA_TRA_PHONG) values (8, 16, 2, '1753-01-01 00:00:00', '1753-01-01 00:00:00', 8, '3GSFCIP3N6T4H790NLXSEBN9NRQ40UALS580EIC1X2JVJDE42L', 1, 7, 5)
go


insert into PHIEU_THUE_PHONG (MA_KHACH_HANG, MA_DOAN_KHACH, MA_PHONG, NGAY_NHAN_PHONG, NGAY_TRA_PHONG, DON_GIA_PHONG, GHI_CHU, THANH_TOAN_TIEN_PHONG, THANH_TOAN_DICH_VU, DA_TRA_PHONG) values (18, 4, 17, '1753-01-01 00:00:00', '1753-01-01 00:00:00', 3, '0R96PRTB9Z7B9OUIED C4IPYHAH6UKMLW07X05HK10TDXJV 1O', 5, 18, 18)
go


insert into PHIEU_THUE_PHONG (MA_KHACH_HANG, MA_DOAN_KHACH, MA_PHONG, NGAY_NHAN_PHONG, NGAY_TRA_PHONG, DON_GIA_PHONG, GHI_CHU, THANH_TOAN_TIEN_PHONG, THANH_TOAN_DICH_VU, DA_TRA_PHONG) values (7, 11, 19, '1753-01-01 00:00:00', '1753-01-01 00:00:00', 14, 'IO2J7SIL4F1CEJP6OOG6BJF3FGD3FV2WVWWXOPN8KF2VKJOJQB', 11, 13, 6)
go


insert into PHIEU_THUE_PHONG (MA_KHACH_HANG, MA_DOAN_KHACH, MA_PHONG, NGAY_NHAN_PHONG, NGAY_TRA_PHONG, DON_GIA_PHONG, GHI_CHU, THANH_TOAN_TIEN_PHONG, THANH_TOAN_DICH_VU, DA_TRA_PHONG) values (14, 18, 10, '1753-01-01 00:00:00', '1753-01-01 00:00:00', 7, 'TNI85S85XF9QOBMNA8K6P47A64TUUOCJOTXPFIVJ657G3DLO6X', 2, 16, 12)
go


insert into PHIEU_THUE_PHONG (MA_KHACH_HANG, MA_DOAN_KHACH, MA_PHONG, NGAY_NHAN_PHONG, NGAY_TRA_PHONG, DON_GIA_PHONG, GHI_CHU, THANH_TOAN_TIEN_PHONG, THANH_TOAN_DICH_VU, DA_TRA_PHONG) values (15, 14, 7, '1753-01-01 00:00:00', '1753-01-01 00:00:00', 10, 'JDI0XLXNKK9MPXILW4TS1HRTTON8CFIGMKG3FKW0GWLRVQRW3W', 17, 15, 1)
go


insert into PHIEU_THUE_PHONG (MA_KHACH_HANG, MA_DOAN_KHACH, MA_PHONG, NGAY_NHAN_PHONG, NGAY_TRA_PHONG, DON_GIA_PHONG, GHI_CHU, THANH_TOAN_TIEN_PHONG, THANH_TOAN_DICH_VU, DA_TRA_PHONG) values (6, 19, 15, '1753-01-01 00:00:00', '1753-01-01 00:00:00', 5, 'GIDL7WX57K9 9528E 42OMG7X KXXGCK  725SLU6DK4E7E RN', 6, 5, 9)
go


insert into PHIEU_THUE_PHONG (MA_KHACH_HANG, MA_DOAN_KHACH, MA_PHONG, NGAY_NHAN_PHONG, NGAY_TRA_PHONG, DON_GIA_PHONG, GHI_CHU, THANH_TOAN_TIEN_PHONG, THANH_TOAN_DICH_VU, DA_TRA_PHONG) values (10, 5, 3, '1753-01-01 00:00:00', '1753-01-01 00:00:00', 19, '9MXTU0YFD2J0WRLXNQAS9VI3581TGKHKWGAU40WTMC447E EL5', 4, 17, 4)
go


insert into PHIEU_THUE_PHONG (MA_KHACH_HANG, MA_DOAN_KHACH, MA_PHONG, NGAY_NHAN_PHONG, NGAY_TRA_PHONG, DON_GIA_PHONG, GHI_CHU, THANH_TOAN_TIEN_PHONG, THANH_TOAN_DICH_VU, DA_TRA_PHONG) values (6, 15, 9, '1753-01-01 00:00:00', '1753-01-01 00:00:00', 13, '83JHOKRD5 DX1HTFGV21H4FP9A GE SGRSD4O1X9XPH4GNK07W', 3, 1, 13)
go


insert into PHIEU_THUE_PHONG (MA_KHACH_HANG, MA_DOAN_KHACH, MA_PHONG, NGAY_NHAN_PHONG, NGAY_TRA_PHONG, DON_GIA_PHONG, GHI_CHU, THANH_TOAN_TIEN_PHONG, THANH_TOAN_DICH_VU, DA_TRA_PHONG) values (12, 5, 18, '1753-01-01 00:00:00', '1753-01-01 00:00:00', 17, 'S3YVPNLXB2MLNJLV0B16XAFTIF8OJE9YOA5U4FRDGKYJGUJAYT', 18, 9, 15)
go


insert into PHIEU_THUE_PHONG (MA_KHACH_HANG, MA_DOAN_KHACH, MA_PHONG, NGAY_NHAN_PHONG, NGAY_TRA_PHONG, DON_GIA_PHONG, GHI_CHU, THANH_TOAN_TIEN_PHONG, THANH_TOAN_DICH_VU, DA_TRA_PHONG) values (19, 13, 11, '1753-01-01 00:00:00', '1753-01-01 00:00:00', 18, 'T0UGU2E7INVDFVC DC6UFT2G8K8KCU0IM1IGD5C0UYIFJFPMH0', 15, 12, 2)
go


insert into PHIEU_THUE_PHONG (MA_KHACH_HANG, MA_DOAN_KHACH, MA_PHONG, NGAY_NHAN_PHONG, NGAY_TRA_PHONG, DON_GIA_PHONG, GHI_CHU, THANH_TOAN_TIEN_PHONG, THANH_TOAN_DICH_VU, DA_TRA_PHONG) values (16, 4, 13, '1753-01-01 00:00:00', '1753-01-01 00:00:00', 16, '2GADYAUTTGW87FK3KN7NXJCH4PGA0TVYUE44BXNUS 25XRBHG0', 12, 10, 14)
go


insert into PHIEU_THUE_PHONG (MA_KHACH_HANG, MA_DOAN_KHACH, MA_PHONG, NGAY_NHAN_PHONG, NGAY_TRA_PHONG, DON_GIA_PHONG, GHI_CHU, THANH_TOAN_TIEN_PHONG, THANH_TOAN_DICH_VU, DA_TRA_PHONG) values (14, 19, 1, '1753-01-01 00:00:00', '1753-01-01 00:00:00', 1, 'N1VOQG7 12RCGNBJOYL93MIAR4TW2VD7YPBF7K2O89O5PY3BRQ', 14, 2, 16)
go


insert into PHIEU_THUE_PHONG (MA_KHACH_HANG, MA_DOAN_KHACH, MA_PHONG, NGAY_NHAN_PHONG, NGAY_TRA_PHONG, DON_GIA_PHONG, GHI_CHU, THANH_TOAN_TIEN_PHONG, THANH_TOAN_DICH_VU, DA_TRA_PHONG) values (9, 18, 4, '1753-01-01 00:00:00', '1753-01-01 00:00:00', 2, 'GE5H54VJQBID9JGYKYFUPY 7UAM7HW66YLB8OXFTXPXGW H0BM', 16, 3, 10)
go


insert into PHIEU_THUE_PHONG (MA_KHACH_HANG, MA_DOAN_KHACH, MA_PHONG, NGAY_NHAN_PHONG, NGAY_TRA_PHONG, DON_GIA_PHONG, GHI_CHU, THANH_TOAN_TIEN_PHONG, THANH_TOAN_DICH_VU, DA_TRA_PHONG) values (8, 19, 18, '1753-01-01 00:00:00', '1753-01-01 00:00:00', 6, 'PR I9AL1O1P2U0C9M1SSD6TU31U6FXGVU9HR3OJSYMNAMQ7YLG', 13, 14, 3)
go


insert into PHIEU_THUE_PHONG (MA_KHACH_HANG, MA_DOAN_KHACH, MA_PHONG, NGAY_NHAN_PHONG, NGAY_TRA_PHONG, DON_GIA_PHONG, GHI_CHU, THANH_TOAN_TIEN_PHONG, THANH_TOAN_DICH_VU, DA_TRA_PHONG) values (5, 1, 10, '1753-01-01 00:00:00', '1753-01-01 00:00:00', 15, '0FSS8RBFFDOR6D4JNTIHL31G2MFUDFBHL8OQ5LGCPIQF XEDLD', 10, 0, 8)
go


insert into PHIEU_THU_DOAN_KHACH (MA_DOAN_KHACH, MA_CA_TRUC, NGAY_PHIEU, SO_TIEN, NOI_DUNG_THU, HINH_THUC_THU) values (7, 7, '1753-01-01 00:00:00', 18, 'JIVYHQR3 FHJCP MLA6O9W9IXDDF3V EANXQMCMXQ8492VRD05', ' X29VJI9DSWA9QGMEP3FUCGJOBT17PTV8H2X23XK4RI65RFSME')
go


insert into PHIEU_THU_DOAN_KHACH (MA_DOAN_KHACH, MA_CA_TRUC, NGAY_PHIEU, SO_TIEN, NOI_DUNG_THU, HINH_THUC_THU) values (5, 17, '1753-01-01 00:00:00', 19, 'WWN3HYR 6TDKJNN558RD W J1PT3PM04L58Q91PXYFDYK5IQMK', 'DB71QF90EE8LOG1T2HSM3STNRUCLRPTCATYKB473B7T4A6U11B')
go


insert into PHIEU_THU_DOAN_KHACH (MA_DOAN_KHACH, MA_CA_TRUC, NGAY_PHIEU, SO_TIEN, NOI_DUNG_THU, HINH_THUC_THU) values (7, 5, '1753-01-01 00:00:00', 13, 'V62N6EFKT5SOTTS L9J43JXWEC9FGSDP69M6GFHHHYICFF3VO8', '31FR5RXRWHVF5EPOASS3E47OH2R5JMPG57PKAV3 RLH68Q88AI')
go


insert into PHIEU_THU_DOAN_KHACH (MA_DOAN_KHACH, MA_CA_TRUC, NGAY_PHIEU, SO_TIEN, NOI_DUNG_THU, HINH_THUC_THU) values (14, 4, '1753-01-01 00:00:00', 6, 'VW SBT28FEWCKL89XXU1HXIJWPOU56LE9I9EFL69DH05C1U0QP', '1XB1JQR3FNJJMM3UXCX32712I8DYAI7F8FW5IY8OU3V0246MEG')
go


insert into PHIEU_THU_DOAN_KHACH (MA_DOAN_KHACH, MA_CA_TRUC, NGAY_PHIEU, SO_TIEN, NOI_DUNG_THU, HINH_THUC_THU) values (1, 10, '1753-01-01 00:00:00', 15, '35OBY5JD3KM4UOAHJNIMY9WERJVR3HGSPGE037H91S6X523R9J', '9 IVSU85832664UGO86IHCX21U4 K2QD5GS04V6J4KJLI4J4NE')
go


insert into PHIEU_THU_DOAN_KHACH (MA_DOAN_KHACH, MA_CA_TRUC, NGAY_PHIEU, SO_TIEN, NOI_DUNG_THU, HINH_THUC_THU) values (11, 16, '1753-01-01 00:00:00', 14, 'W6R6DBWICCDSXS09 6G7DSODKNIS9OMNYGC5OUYR1DC7JR4HT0', 'AB4EVA25NWLNRSSX2B7 59U8GQHUDNE9GWV43OIF95IRNG33D5')
go


insert into PHIEU_THU_DOAN_KHACH (MA_DOAN_KHACH, MA_CA_TRUC, NGAY_PHIEU, SO_TIEN, NOI_DUNG_THU, HINH_THUC_THU) values (12, 5, '1753-01-01 00:00:00', 0, 'XVEQWSJ988Y0MB2IPF9X7L69W776VR9HN188F8VOWVXX0HND2F', '6U99RBC9DKME0Q0FCPCAINGPNNTDD5EIA3UPOHJGILTY472QC8')
go


insert into PHIEU_THU_DOAN_KHACH (MA_DOAN_KHACH, MA_CA_TRUC, NGAY_PHIEU, SO_TIEN, NOI_DUNG_THU, HINH_THUC_THU) values (15, 2, '1753-01-01 00:00:00', 4, '2YS 3CBDGW DSL0R2WQGEPDEDYCQ5W1SKPJM4W2F76U9U6Q5OR', 'NAO6D7DH NJPO3RBLT1Q4AC V VHLCKN926Q0Y1D4K0OJ7VVG2')
go


insert into PHIEU_THU_DOAN_KHACH (MA_DOAN_KHACH, MA_CA_TRUC, NGAY_PHIEU, SO_TIEN, NOI_DUNG_THU, HINH_THUC_THU) values (17, 6, '1753-01-01 00:00:00', 3, '2 Y0RO03 B2WF8SF5QM1WC1PP X0RJC6GWF7IN7Q05W4CNAP B', 'SJ E6TWB P9ETVT4PH6W4BJJQH2UX5L1DTR0J0A0MIJQXP55H ')
go


insert into PHIEU_THU_DOAN_KHACH (MA_DOAN_KHACH, MA_CA_TRUC, NGAY_PHIEU, SO_TIEN, NOI_DUNG_THU, HINH_THUC_THU) values (5, 11, '1753-01-01 00:00:00', 11, 'YVX4YKJRKPDFV R PUCHQMBT75735JB MCG0L96JCV3FMEKPRB', 'EL17R66X4N8DKIRRW2TGQ8LUQRPUD B9 C9TM8F7DW6Q3DH3N6')
go


insert into PHIEU_THU_DOAN_KHACH (MA_DOAN_KHACH, MA_CA_TRUC, NGAY_PHIEU, SO_TIEN, NOI_DUNG_THU, HINH_THUC_THU) values (15, 19, '1753-01-01 00:00:00', 5, '7GY LIJIOTYC4 0C5D2N5UT RDG085KYD1RFA5INQ4VY67NNVR', 'KV8965TN3VXKFM22CW9KYX7J5ABONW0J9Y1M57O5YCJ3OWK9R2')
go


insert into PHIEU_THU_DOAN_KHACH (MA_DOAN_KHACH, MA_CA_TRUC, NGAY_PHIEU, SO_TIEN, NOI_DUNG_THU, HINH_THUC_THU) values (5, 16, '1753-01-01 00:00:00', 9, '01TWNFG5SV 030DUJWN9RWLMJM1A1XUVL5BJGHKXKFQRFL3NAV', '29W2W7K IOSNQ3J9PWV8VQ8O6UFA386TPJT3E5XPBQ09EDW90X')
go


insert into PHIEU_THU_DOAN_KHACH (MA_DOAN_KHACH, MA_CA_TRUC, NGAY_PHIEU, SO_TIEN, NOI_DUNG_THU, HINH_THUC_THU) values (16, 2, '1753-01-01 00:00:00', 12, 'O1 ITW7Y2EQSIIJ4IBXCQW9H8FLSLCG46BUL5VL CHCQMQ3F5E', '7VTGY629JD6T4L5RVSIAO8ND1 DL1C3NL5O323T F4 K9QNFRF')
go


insert into PHIEU_THU_DOAN_KHACH (MA_DOAN_KHACH, MA_CA_TRUC, NGAY_PHIEU, SO_TIEN, NOI_DUNG_THU, HINH_THUC_THU) values (11, 4, '1753-01-01 00:00:00', 8, 'T4YJUBYRQJ911WQL38QIY7S2G57N00OMTTFDVJ82XOSYKTQ2IE', 'S7C9OA KRLKSA5 HD1LK7R10LOAHP9OLK5HDWBK5GY6TBPSPOC')
go


insert into PHIEU_THU_DOAN_KHACH (MA_DOAN_KHACH, MA_CA_TRUC, NGAY_PHIEU, SO_TIEN, NOI_DUNG_THU, HINH_THUC_THU) values (8, 11, '1753-01-01 00:00:00', 1, 'XX3F3CQELLN7CHQCN6E94FD04I6XAJUXCHCYP5TND2SR74EIFS', 'OMDHVTS V 42BDXYO21H267SLI3P122RC9PBWR4 RA0U07U7KR')
go


insert into PHIEU_THU_DOAN_KHACH (MA_DOAN_KHACH, MA_CA_TRUC, NGAY_PHIEU, SO_TIEN, NOI_DUNG_THU, HINH_THUC_THU) values (5, 13, '1753-01-01 00:00:00', 2, '0XGJ85H8EMBGYMXMKFV1G2ENTS1BM2TAVEXPRQETETJ0O5WY5W', '5X8MFYKVVR99ULSAVFPH VPEPSHXY3RSJ DUEYVT3KJA3Y3IS7')
go


insert into PHIEU_THU_DOAN_KHACH (MA_DOAN_KHACH, MA_CA_TRUC, NGAY_PHIEU, SO_TIEN, NOI_DUNG_THU, HINH_THUC_THU) values (2, 15, '1753-01-01 00:00:00', 10, 'G4GN0 RPRUCOQ897 R6YGYFGUDWUE4M4689J3C2FLHN9HUS8G7', 'C1JGH4V55UQIYBR4CI5XB7M1GNNGJLQ9EUN7 9FESKFWUIQXHT')
go


insert into PHIEU_THU_DOAN_KHACH (MA_DOAN_KHACH, MA_CA_TRUC, NGAY_PHIEU, SO_TIEN, NOI_DUNG_THU, HINH_THUC_THU) values (16, 8, '1753-01-01 00:00:00', 17, '94I0UOVF3JNSCITLJHNF2YFVI2C2QAET5VKTQWH0I1CMW76X9S', 'N6EMU4NVHK9N6UL VX78O4VQGXX3QA0WTDDB5HPYV 9S5UEBKW')
go


insert into PHIEU_THU_DOAN_KHACH (MA_DOAN_KHACH, MA_CA_TRUC, NGAY_PHIEU, SO_TIEN, NOI_DUNG_THU, HINH_THUC_THU) values (13, 19, '1753-01-01 00:00:00', 7, '0E90ESQPKB1IJPVG39XY9SHFF431VPGOTPPNHO9RP6CHCJH2T9', 'U1D7Y1CPLY8IMAY46 0RYFEBJWMR IYW0FV7ES7EN4EPYDGJPC')
go


insert into PHIEU_THU_DOAN_KHACH (MA_DOAN_KHACH, MA_CA_TRUC, NGAY_PHIEU, SO_TIEN, NOI_DUNG_THU, HINH_THUC_THU) values (16, 5, '1753-01-01 00:00:00', 16, 'P8I1GQ2X8CBX58XV ECO QNCP75R SS YFBOVVRV5SOCFIJN67', 'G9V0002ES9M3SW0LRGHGWS2WM6IUGGR2RCIXE4TH573XNIAP1H')
go


insert into PHIEU_DAT_PHONG (MA_KHACH_HANG, MA_DOAN_KHACH, TIEN_COC) values (14, 11, 11)
go


insert into PHIEU_DAT_PHONG (MA_KHACH_HANG, MA_DOAN_KHACH, TIEN_COC) values (1, 3, 0)
go


insert into PHIEU_DAT_PHONG (MA_KHACH_HANG, MA_DOAN_KHACH, TIEN_COC) values (1, 15, 17)
go


insert into PHIEU_DAT_PHONG (MA_KHACH_HANG, MA_DOAN_KHACH, TIEN_COC) values (14, 14, 13)
go


insert into PHIEU_DAT_PHONG (MA_KHACH_HANG, MA_DOAN_KHACH, TIEN_COC) values (17, 17, 14)
go


insert into PHIEU_DAT_PHONG (MA_KHACH_HANG, MA_DOAN_KHACH, TIEN_COC) values (13, 18, 10)
go


insert into PHIEU_DAT_PHONG (MA_KHACH_HANG, MA_DOAN_KHACH, TIEN_COC) values (19, 8, 2)
go


insert into PHIEU_DAT_PHONG (MA_KHACH_HANG, MA_DOAN_KHACH, TIEN_COC) values (1, 18, 16)
go


insert into PHIEU_DAT_PHONG (MA_KHACH_HANG, MA_DOAN_KHACH, TIEN_COC) values (12, 18, 15)
go


insert into PHIEU_DAT_PHONG (MA_KHACH_HANG, MA_DOAN_KHACH, TIEN_COC) values (5, 6, 4)
go


insert into PHIEU_DAT_PHONG (MA_KHACH_HANG, MA_DOAN_KHACH, TIEN_COC) values (8, 12, 7)
go


insert into PHIEU_DAT_PHONG (MA_KHACH_HANG, MA_DOAN_KHACH, TIEN_COC) values (6, 8, 12)
go


insert into PHIEU_DAT_PHONG (MA_KHACH_HANG, MA_DOAN_KHACH, TIEN_COC) values (2, 2, 9)
go


insert into PHIEU_DAT_PHONG (MA_KHACH_HANG, MA_DOAN_KHACH, TIEN_COC) values (1, 6, 8)
go


insert into PHIEU_DAT_PHONG (MA_KHACH_HANG, MA_DOAN_KHACH, TIEN_COC) values (19, 11, 3)
go


insert into PHIEU_DAT_PHONG (MA_KHACH_HANG, MA_DOAN_KHACH, TIEN_COC) values (8, 8, 18)
go


insert into PHIEU_DAT_PHONG (MA_KHACH_HANG, MA_DOAN_KHACH, TIEN_COC) values (7, 18, 5)
go


insert into PHIEU_DAT_PHONG (MA_KHACH_HANG, MA_DOAN_KHACH, TIEN_COC) values (17, 19, 1)
go


insert into PHIEU_DAT_PHONG (MA_KHACH_HANG, MA_DOAN_KHACH, TIEN_COC) values (8, 2, 6)
go


insert into PHIEU_DAT_PHONG (MA_KHACH_HANG, MA_DOAN_KHACH, TIEN_COC) values (2, 1, 19)
go


insert into CHI_TIET_DAT_PHONG (MA_PHIEU, MA_LOAI_PHONG, NGAY_DEN, NGAY_DI, SO_LUONG) values (8, 3, '1753-01-01 00:00:00', '1753-01-01 00:00:00', 12)
go


insert into CHI_TIET_DAT_PHONG (MA_PHIEU, MA_LOAI_PHONG, NGAY_DEN, NGAY_DI, SO_LUONG) values (6, 4, '1753-01-01 00:00:00', '1753-01-01 00:00:00', 6)
go


insert into CHI_TIET_DAT_PHONG (MA_PHIEU, MA_LOAI_PHONG, NGAY_DEN, NGAY_DI, SO_LUONG) values (3, 5, '1753-01-01 00:00:00', '1753-01-01 00:00:00', 13)
go


insert into CHI_TIET_DAT_PHONG (MA_PHIEU, MA_LOAI_PHONG, NGAY_DEN, NGAY_DI, SO_LUONG) values (4, 16, '1753-01-01 00:00:00', '1753-01-01 00:00:00', 0)
go


insert into CHI_TIET_DAT_PHONG (MA_PHIEU, MA_LOAI_PHONG, NGAY_DEN, NGAY_DI, SO_LUONG) values (2, 11, '1753-01-01 00:00:00', '1753-01-01 00:00:00', 9)
go


insert into CHI_TIET_DAT_PHONG (MA_PHIEU, MA_LOAI_PHONG, NGAY_DEN, NGAY_DI, SO_LUONG) values (19, 15, '1753-01-01 00:00:00', '1753-01-01 00:00:00', 16)
go


insert into CHI_TIET_DAT_PHONG (MA_PHIEU, MA_LOAI_PHONG, NGAY_DEN, NGAY_DI, SO_LUONG) values (13, 13, '1753-01-01 00:00:00', '1753-01-01 00:00:00', 7)
go


insert into CHI_TIET_DAT_PHONG (MA_PHIEU, MA_LOAI_PHONG, NGAY_DEN, NGAY_DI, SO_LUONG) values (17, 13, '1753-01-01 00:00:00', '1753-01-01 00:00:00', 4)
go


insert into CHI_TIET_DAT_PHONG (MA_PHIEU, MA_LOAI_PHONG, NGAY_DEN, NGAY_DI, SO_LUONG) values (9, 1, '1753-01-01 00:00:00', '1753-01-01 00:00:00', 1)
go


insert into CHI_TIET_DAT_PHONG (MA_PHIEU, MA_LOAI_PHONG, NGAY_DEN, NGAY_DI, SO_LUONG) values (11, 2, '1753-01-01 00:00:00', '1753-01-01 00:00:00', 19)
go


insert into CHI_TIET_DAT_PHONG (MA_PHIEU, MA_LOAI_PHONG, NGAY_DEN, NGAY_DI, SO_LUONG) values (7, 19, '1753-01-01 00:00:00', '1753-01-01 00:00:00', 2)
go


insert into CHI_TIET_DAT_PHONG (MA_PHIEU, MA_LOAI_PHONG, NGAY_DEN, NGAY_DI, SO_LUONG) values (15, 12, '1753-01-01 00:00:00', '1753-01-01 00:00:00', 15)
go


insert into CHI_TIET_DAT_PHONG (MA_PHIEU, MA_LOAI_PHONG, NGAY_DEN, NGAY_DI, SO_LUONG) values (14, 17, '1753-01-01 00:00:00', '1753-01-01 00:00:00', 11)
go


insert into CHI_TIET_DAT_PHONG (MA_PHIEU, MA_LOAI_PHONG, NGAY_DEN, NGAY_DI, SO_LUONG) values (18, 6, '1753-01-01 00:00:00', '1753-01-01 00:00:00', 14)
go


insert into CHI_TIET_DAT_PHONG (MA_PHIEU, MA_LOAI_PHONG, NGAY_DEN, NGAY_DI, SO_LUONG) values (16, 8, '1753-01-01 00:00:00', '1753-01-01 00:00:00', 5)
go


insert into CHI_TIET_DAT_PHONG (MA_PHIEU, MA_LOAI_PHONG, NGAY_DEN, NGAY_DI, SO_LUONG) values (10, 9, '1753-01-01 00:00:00', '1753-01-01 00:00:00', 8)
go


insert into CHI_TIET_DAT_PHONG (MA_PHIEU, MA_LOAI_PHONG, NGAY_DEN, NGAY_DI, SO_LUONG) values (1, 7, '1753-01-01 00:00:00', '1753-01-01 00:00:00', 18)
go


insert into CHI_TIET_DAT_PHONG (MA_PHIEU, MA_LOAI_PHONG, NGAY_DEN, NGAY_DI, SO_LUONG) values (5, 14, '1753-01-01 00:00:00', '1753-01-01 00:00:00', 17)
go


insert into CHI_TIET_DAT_PHONG (MA_PHIEU, MA_LOAI_PHONG, NGAY_DEN, NGAY_DI, SO_LUONG) values (1, 10, '1753-01-01 00:00:00', '1753-01-01 00:00:00', 3)
go


insert into CHI_TIET_DAT_PHONG (MA_PHIEU, MA_LOAI_PHONG, NGAY_DEN, NGAY_DI, SO_LUONG) values (12, 1, '1753-01-01 00:00:00', '1753-01-01 00:00:00', 10)
go


insert into PHIEU_DANG_KY_DICH_VU (MA_PHIEU, MA_DICH_VU, NGAY_PHUC_VU, SO_LUONG, GHI_CHU) values (10, 18, '1753-01-01 00:00:00', 3, 'WPLNT41R0LCKADH403SHE9KGEP MNWVG9KN75W0LGEINW5LW9 ')
go


insert into PHIEU_DANG_KY_DICH_VU (MA_PHIEU, MA_DICH_VU, NGAY_PHUC_VU, SO_LUONG, GHI_CHU) values (2, 5, '1753-01-01 00:00:00', 15, 'LGG1YVVCWJKNHC6KVFW4NUM7AV5 FM8634W2P6OOI0VUWMJ80C')
go


insert into PHIEU_DANG_KY_DICH_VU (MA_PHIEU, MA_DICH_VU, NGAY_PHUC_VU, SO_LUONG, GHI_CHU) values (2, 15, '1753-01-01 00:00:00', 11, '8KNKNQR923OHKYXWU3O0AN8Y32FLTGKOA02W86RLQKBTHVHTIT')
go


insert into PHIEU_DANG_KY_DICH_VU (MA_PHIEU, MA_DICH_VU, NGAY_PHUC_VU, SO_LUONG, GHI_CHU) values (13, 17, '1753-01-01 00:00:00', 5, '14MLCYUXPM0JURB476N0W86DM5Q0 H3U9F8AT6PVLBL8YLHEMY')
go


insert into PHIEU_DANG_KY_DICH_VU (MA_PHIEU, MA_DICH_VU, NGAY_PHUC_VU, SO_LUONG, GHI_CHU) values (2, 17, '1753-01-01 00:00:00', 16, 'N8L8JF33LQCBUP1 4TGKB79FMNQT2C7TI60A KJIVWD92SE1VT')
go


insert into PHIEU_DANG_KY_DICH_VU (MA_PHIEU, MA_DICH_VU, NGAY_PHUC_VU, SO_LUONG, GHI_CHU) values (10, 8, '1753-01-01 00:00:00', 8, 'ULB97UNBUTEB3M3M4RNI2DVRLY1EL K6BGE64LS7OHSLPAQQOO')
go


insert into PHIEU_DANG_KY_DICH_VU (MA_PHIEU, MA_DICH_VU, NGAY_PHUC_VU, SO_LUONG, GHI_CHU) values (12, 13, '1753-01-01 00:00:00', 7, 'SU2RIXAQ3T9DTC00B10WPMGILCSYC27OL55 5HLIN47UT1VQST')
go


insert into PHIEU_DANG_KY_DICH_VU (MA_PHIEU, MA_DICH_VU, NGAY_PHUC_VU, SO_LUONG, GHI_CHU) values (13, 5, '1753-01-01 00:00:00', 10, '73ID766OBWBL04DT9HQVDY2DJB7GKSNE9QXKME JJKNR6YF8OV')
go


insert into PHIEU_DANG_KY_DICH_VU (MA_PHIEU, MA_DICH_VU, NGAY_PHUC_VU, SO_LUONG, GHI_CHU) values (2, 7, '1753-01-01 00:00:00', 13, 'Q ABTJQQ97L0NM2H6SBTGV1ISAKU2MTV51SIBFFCPA7UP5P611')
go


insert into PHIEU_DANG_KY_DICH_VU (MA_PHIEU, MA_DICH_VU, NGAY_PHUC_VU, SO_LUONG, GHI_CHU) values (19, 13, '1753-01-01 00:00:00', 19, '5HHC MAMXMTJM6K91 PMXHKFV3N6SM NTO6WM3IITMN2MDU BW')
go


insert into PHIEU_DANG_KY_DICH_VU (MA_PHIEU, MA_DICH_VU, NGAY_PHUC_VU, SO_LUONG, GHI_CHU) values (2, 1, '1753-01-01 00:00:00', 17, '5S1UGIXOMVMFXLNCYC9U16W3CGOG5GS2PH8TQKK650UT1H3MTY')
go


insert into PHIEU_DANG_KY_DICH_VU (MA_PHIEU, MA_DICH_VU, NGAY_PHUC_VU, SO_LUONG, GHI_CHU) values (5, 1, '1753-01-01 00:00:00', 18, '6CO4LVJ4RSMI7CSHEY2V2TU JPQFB9Q V7XF5ITE4XYC4D ISX')
go


insert into PHIEU_DANG_KY_DICH_VU (MA_PHIEU, MA_DICH_VU, NGAY_PHUC_VU, SO_LUONG, GHI_CHU) values (3, 11, '1753-01-01 00:00:00', 1, 'N7LGC346YS8NRK87OHK7WK9JCMWBT4TM5L2LCI8J5FLU RB9F2')
go


insert into PHIEU_DANG_KY_DICH_VU (MA_PHIEU, MA_DICH_VU, NGAY_PHUC_VU, SO_LUONG, GHI_CHU) values (11, 9, '1753-01-01 00:00:00', 4, 'OSFQ0FIEN4VU8 TM5FJDT6BLVLHJJF6G1S7 GNR39BR147H7CT')
go


insert into PHIEU_DANG_KY_DICH_VU (MA_PHIEU, MA_DICH_VU, NGAY_PHUC_VU, SO_LUONG, GHI_CHU) values (7, 5, '1753-01-01 00:00:00', 14, 'QN3O0YF7DPK H81CX8XBUKF353QMENV7NBMRAKASU3CAEHTAGE')
go


insert into PHIEU_DANG_KY_DICH_VU (MA_PHIEU, MA_DICH_VU, NGAY_PHUC_VU, SO_LUONG, GHI_CHU) values (15, 15, '1753-01-01 00:00:00', 9, '3Q53MBO5ONEQSR544BQVB 2B4WJL94J8VDHC2H3EUYWKWB0TOE')
go


insert into PHIEU_DANG_KY_DICH_VU (MA_PHIEU, MA_DICH_VU, NGAY_PHUC_VU, SO_LUONG, GHI_CHU) values (1, 6, '1753-01-01 00:00:00', 12, 'HR5490EJ1G4X3EIU9ETS3TDBRPS952O67I68PL 1KAUI JHYEP')
go


insert into PHIEU_DANG_KY_DICH_VU (MA_PHIEU, MA_DICH_VU, NGAY_PHUC_VU, SO_LUONG, GHI_CHU) values (12, 1, '1753-01-01 00:00:00', 6, 'O2HDQOE3VSHDQ02SNYOIYGASRB52JLC67R2WL3U5ALW6QFSPJL')
go


insert into PHIEU_DANG_KY_DICH_VU (MA_PHIEU, MA_DICH_VU, NGAY_PHUC_VU, SO_LUONG, GHI_CHU) values (10, 1, '1753-01-01 00:00:00', 0, 'I1NXY0UGIGQV33S1N5 VIK 6DVX2NRK5IDQSUE O2YF166LO4S')
go


insert into PHIEU_DANG_KY_DICH_VU (MA_PHIEU, MA_DICH_VU, NGAY_PHUC_VU, SO_LUONG, GHI_CHU) values (5, 10, '1753-01-01 00:00:00', 2, '6EHLNKXPQSEUB73M4JPVRDTS8HMIJ5DDQ8ARUJLSXJD831OU0U')
go


insert into PHIEU_THU_KHACH_HANG (MA_PHIEU, MA_CA_TRUC, NGAY_PHIEU, SO_TIEN, NOI_DUNG_THU, HINH_THUC_THU) values (12, 4, '1753-01-01 00:00:00', 14, 'KCE0Y48IYUPFWG0 IVB3V2V9RD2CE 5MKADRQ R0JGWLXON6LW', 'WLKFGLURBDORUGF71DKX1LDJQLP5XOMAWCF2SDJ5NGVUUMD88C')
go


insert into PHIEU_THU_KHACH_HANG (MA_PHIEU, MA_CA_TRUC, NGAY_PHIEU, SO_TIEN, NOI_DUNG_THU, HINH_THUC_THU) values (13, 16, '1753-01-01 00:00:00', 13, '2OV9MDL  1HV9U33C44OTW9 FLYECETMBWJN BBV8AMQ9CBMUL', '6 2EU5XLMOW50TV6YSER5O79VH99OP6RIL44FUJCDAT5SEU9VR')
go


insert into PHIEU_THU_KHACH_HANG (MA_PHIEU, MA_CA_TRUC, NGAY_PHIEU, SO_TIEN, NOI_DUNG_THU, HINH_THUC_THU) values (1, 2, '1753-01-01 00:00:00', 19, '3V7U0E3 2HQQE7B6562O XPXWOW2VG8XLI6CHAWB6HNOQ84R6S', 'Y 9P3LJBKBTJD8Y OOMCPM 6ERTTUQ5DOMC7I431O31AFD2MPC')
go


insert into PHIEU_THU_KHACH_HANG (MA_PHIEU, MA_CA_TRUC, NGAY_PHIEU, SO_TIEN, NOI_DUNG_THU, HINH_THUC_THU) values (4, 12, '1753-01-01 00:00:00', 11, 'L3PYJPSQD841PS08CRCL053O E2NW9XOUMF2TCM6TX55OKAIMR', 'R M1RNULOF0K04BPIWPIXL4DC7WKR2PWXRK599 JSAEN0M5OT4')
go


insert into PHIEU_THU_KHACH_HANG (MA_PHIEU, MA_CA_TRUC, NGAY_PHIEU, SO_TIEN, NOI_DUNG_THU, HINH_THUC_THU) values (3, 17, '1753-01-01 00:00:00', 17, 'TS6OPQ2 67HFGWX3TLQF PG0P 0YMXDGX14W5ET0PEQV5NISAI', 'V7S2XAH5G761QF DRGEL1 B47UXQYCYUCNNOOE3MPKTGCHJ2IB')
go


insert into PHIEU_THU_KHACH_HANG (MA_PHIEU, MA_CA_TRUC, NGAY_PHIEU, SO_TIEN, NOI_DUNG_THU, HINH_THUC_THU) values (10, 18, '1753-01-01 00:00:00', 6, 'KGL6VP89LJIAIAH8LRWMNG CL4MARF1HLTKMAN0HDSPJI63RF3', 'AIXP98KUWF3YHQE5VSFOITESDDN01W4 DXXUCOP99SE6P2DYY ')
go


insert into PHIEU_THU_KHACH_HANG (MA_PHIEU, MA_CA_TRUC, NGAY_PHIEU, SO_TIEN, NOI_DUNG_THU, HINH_THUC_THU) values (12, 11, '1753-01-01 00:00:00', 15, 'MIJO7SYOSCG31U4R87G 3P95BQCE3UFOCB EB6TUUFS81IHKA9', 'UHUL9 W ADPF0MD  Y44VNO5B1QUN6RY2M1G 4NMEAI0HD8 H2')
go


insert into PHIEU_THU_KHACH_HANG (MA_PHIEU, MA_CA_TRUC, NGAY_PHIEU, SO_TIEN, NOI_DUNG_THU, HINH_THUC_THU) values (15, 5, '1753-01-01 00:00:00', 12, 'L4BP9VM4KNO8G5DF U0L4W8EJTL64AL9JYBWD79362REG28F4L', 'UVBG3WR0FMNUGIS9RJE38UQY7J06ABEJNXC QO7XGQSYFP7YJO')
go


insert into PHIEU_THU_KHACH_HANG (MA_PHIEU, MA_CA_TRUC, NGAY_PHIEU, SO_TIEN, NOI_DUNG_THU, HINH_THUC_THU) values (7, 15, '1753-01-01 00:00:00', 2, 'TR  R93312DYEVLSFDNA49R31FAWR1GM 3E7G37TH4QH5VKAVS', 'COHAGWDM1Y1L86DWBI38M2A2IBDO4RLAMMKUD4CJ1IDJY6P5K6')
go


insert into PHIEU_THU_KHACH_HANG (MA_PHIEU, MA_CA_TRUC, NGAY_PHIEU, SO_TIEN, NOI_DUNG_THU, HINH_THUC_THU) values (6, 7, '1753-01-01 00:00:00', 3, '52EAGQ04 143NBMNHIM7B3RYNQN8XLLL0JJ1W8 UGQOPTIJ5CS', 'XGJ537COARR1 J4HVFQ 76JKD2642KI2CE07WFTQEG MJ7ST58')
go


insert into PHIEU_THU_KHACH_HANG (MA_PHIEU, MA_CA_TRUC, NGAY_PHIEU, SO_TIEN, NOI_DUNG_THU, HINH_THUC_THU) values (10, 1, '1753-01-01 00:00:00', 8, 'V2BGLTNEW2I5BSDJAL9D QS850MDEW4U29MUFK959LTWK2CRO2', 'EAU42PF9X2NRK5NBMQILH29C4PUQJ1BJP8 K7I8ATEG16AGKIN')
go


insert into PHIEU_THU_KHACH_HANG (MA_PHIEU, MA_CA_TRUC, NGAY_PHIEU, SO_TIEN, NOI_DUNG_THU, HINH_THUC_THU) values (14, 1, '1753-01-01 00:00:00', 16, '7AUH KHCCIL 1DEJ8LGU0IBBS5OS7W0U0H8H5RY9N0A2BXBUMG', 'H9X3OA0XB6CHPTJD1GKCQJ1YAAV9QOB94NS9S64A2A7CTNAR99')
go


insert into PHIEU_THU_KHACH_HANG (MA_PHIEU, MA_CA_TRUC, NGAY_PHIEU, SO_TIEN, NOI_DUNG_THU, HINH_THUC_THU) values (16, 17, '1753-01-01 00:00:00', 18, 'PSKY RYNO 4HUEGYISFP1DV8IG53H8VJ BITFOCIG9E 2DT0V3', 'RK7I7YO24RLD88MMPTX4D93I6TITYSO7HG5YJ1 OIDJGXPTPC ')
go


insert into PHIEU_THU_KHACH_HANG (MA_PHIEU, MA_CA_TRUC, NGAY_PHIEU, SO_TIEN, NOI_DUNG_THU, HINH_THUC_THU) values (6, 12, '1753-01-01 00:00:00', 4, 'W9MIS0Y5V8 YHHUXIE2 J8O BRULWH9RS3QNQM7TRO2DK6OUAU', 'W8NNSK JX24XOR6OBBWAHKH4WIDI3FIL1R07M3CF17HFHPRXUH')
go


insert into PHIEU_THU_KHACH_HANG (MA_PHIEU, MA_CA_TRUC, NGAY_PHIEU, SO_TIEN, NOI_DUNG_THU, HINH_THUC_THU) values (14, 3, '1753-01-01 00:00:00', 5, 'OONTP464K03GHTBUSWKPJR5NB0S1KVJ89 ALTAE7 RBK WO2EK', 'YYH8KHOEF85P0FVL7W1196TLIWBH8C3J7BHO8ALORSXB B083H')
go


insert into PHIEU_THU_KHACH_HANG (MA_PHIEU, MA_CA_TRUC, NGAY_PHIEU, SO_TIEN, NOI_DUNG_THU, HINH_THUC_THU) values (14, 6, '1753-01-01 00:00:00', 0, 'QA3XGAKM9TGK1K4AMAYRB323XR4D56K24UPW0MY0PQ20JQT3D3', '0JLM12RV1RTN929UCDC9MT7TNS5DA903DD4HTPF68WPFWR8DTF')
go


insert into PHIEU_THU_KHACH_HANG (MA_PHIEU, MA_CA_TRUC, NGAY_PHIEU, SO_TIEN, NOI_DUNG_THU, HINH_THUC_THU) values (3, 2, '1753-01-01 00:00:00', 9, 'WICT2HXG 72IG17810CMX7BCU1VI73RK75 8KGSFF0RCL60PK5', 'Q3WG6ED99NXHWAR2RDGP43DV54TGT5DO9DYCL1WL22BU60IODV')
go


insert into PHIEU_THU_KHACH_HANG (MA_PHIEU, MA_CA_TRUC, NGAY_PHIEU, SO_TIEN, NOI_DUNG_THU, HINH_THUC_THU) values (2, 16, '1753-01-01 00:00:00', 1, 'T44CVN15XMG2IO7WN6ETIV34KTQF YIX0WJTM1QGINY1YS OXD', 'KE1BNDH5166UAJWLLEWKU9EH5FRNS XD5BXY0NYTY43JM4K6TR')
go


insert into PHIEU_THU_KHACH_HANG (MA_PHIEU, MA_CA_TRUC, NGAY_PHIEU, SO_TIEN, NOI_DUNG_THU, HINH_THUC_THU) values (5, 17, '1753-01-01 00:00:00', 7, 'OFODGHV0YU93TJFKG1EDQPL5F5VPH1AESCC PO5VLOEJCXMREN', '2CID2MHH7XKGEAB3 H8QYA7LRN759E MN14RX6LGI2J4RTKL1S')
go


insert into PHIEU_THU_KHACH_HANG (MA_PHIEU, MA_CA_TRUC, NGAY_PHIEU, SO_TIEN, NOI_DUNG_THU, HINH_THUC_THU) values (3, 16, '1753-01-01 00:00:00', 10, 'KTNC4IUPOMC9DSFT54T T9A8H9LM6X6HY0UH03H46506R K66L', 'V8VQP304M3 HPFOQKVWO U8M7R16ORD78E24OA57A RJWOQ KS')
go


insert into KHACH_TRO (MA_KHACH_HANG, MA_PHIEU) values (3, 8)
go


insert into KHACH_TRO (MA_KHACH_HANG, MA_PHIEU) values (10, 6)
go


insert into KHACH_TRO (MA_KHACH_HANG, MA_PHIEU) values (19, 3)
go


insert into KHACH_TRO (MA_KHACH_HANG, MA_PHIEU) values (16, 4)
go


insert into KHACH_TRO (MA_KHACH_HANG, MA_PHIEU) values (11, 2)
go


insert into KHACH_TRO (MA_KHACH_HANG, MA_PHIEU) values (18, 19)
go


insert into KHACH_TRO (MA_KHACH_HANG, MA_PHIEU) values (2, 13)
go


insert into KHACH_TRO (MA_KHACH_HANG, MA_PHIEU) values (9, 17)
go


insert into KHACH_TRO (MA_KHACH_HANG, MA_PHIEU) values (12, 9)
go


insert into KHACH_TRO (MA_KHACH_HANG, MA_PHIEU) values (5, 11)
go


insert into KHACH_TRO (MA_KHACH_HANG, MA_PHIEU) values (7, 7)
go


insert into KHACH_TRO (MA_KHACH_HANG, MA_PHIEU) values (15, 15)
go


insert into KHACH_TRO (MA_KHACH_HANG, MA_PHIEU) values (17, 14)
go


insert into KHACH_TRO (MA_KHACH_HANG, MA_PHIEU) values (1, 18)
go


insert into KHACH_TRO (MA_KHACH_HANG, MA_PHIEU) values (14, 16)
go


insert into KHACH_TRO (MA_KHACH_HANG, MA_PHIEU) values (13, 10)
go


insert into KHACH_TRO (MA_KHACH_HANG, MA_PHIEU) values (8, 1)
go


insert into KHACH_TRO (MA_KHACH_HANG, MA_PHIEU) values (1, 5)
go


insert into KHACH_TRO (MA_KHACH_HANG, MA_PHIEU) values (6, 1)
go


insert into KHACH_TRO (MA_KHACH_HANG, MA_PHIEU) values (4, 12)
go


